TeamName,Season,Wins,P1_NAME,P1_GP,P1_MIN,P1_PTS,P1_AST,P1_REB,P1_STL,P1_BLK,P1_TOV,P2_NAME,P2_GP,P2_MIN,P2_PTS,P2_AST,P2_REB,P2_STL,P2_BLK,P2_TOV,P3_NAME,P3_GP,P3_MIN,P3_PTS,P3_AST,P3_REB,P3_STL,P3_BLK,P3_TOV,P4_NAME,P4_GP,P4_MIN,P4_PTS,P4_AST,P4_REB,P4_STL,P4_BLK,P4_TOV,P5_NAME,P5_GP,P5_MIN,P5_PTS,P5_AST,P5_REB,P5_STL,P5_BLK,P5_TOV
Atlanta Hawks,2013-14,38,Kyle Korver,71,33.9,12.0,2.9,4.0,1.0,0.3,1.4,Paul Millsap,74,33.5,17.9,3.1,8.5,1.7,1.1,2.5,Al Horford,29,33.0,18.6,2.6,8.4,0.9,1.5,2.2,Jeff Teague,79,32.2,16.5,6.7,2.6,1.1,0.2,2.9,DeMarre Carroll,73,32.1,11.1,1.8,5.5,1.5,0.3,1.1
Boston Celtics,2013-14,25,Jeff Green,82,34.2,16.9,1.7,4.6,0.7,0.6,2.0,Rajon Rondo,30,33.3,11.7,9.8,5.5,1.3,0.1,3.3,Avery Bradley,60,30.9,14.9,1.4,3.8,1.1,0.2,1.6,Brandon Bass,82,27.6,11.1,1.1,5.7,0.4,0.9,1.2,Jared Sullinger,74,27.6,13.3,1.6,8.1,0.5,0.7,1.6
Brooklyn Nets,2013-14,44,Joe Johnson,79,32.6,15.8,2.7,3.4,0.6,0.1,1.5,Deron Williams,64,32.2,14.3,6.1,2.6,1.5,0.2,2.2,Brook Lopez,17,31.4,20.7,0.9,6.0,0.5,1.8,1.6,Paul Pierce,75,28.0,13.5,2.4,4.6,1.1,0.4,2.0,Shaun Livingston,76,26.0,8.3,3.2,3.2,1.2,0.4,1.4
Charlotte Bobcats,2013-14,43,Kemba Walker,73,35.8,17.7,6.1,4.2,1.2,0.4,2.3,Al Jefferson,73,35.0,21.8,2.1,10.8,0.9,1.1,1.7,Gerald Henderson,77,32.0,14.0,2.6,4.0,0.7,0.4,1.5,Josh McRoberts,78,30.3,8.5,4.3,4.8,0.7,0.6,1.1,Jeffery Taylor,26,24.2,8.0,0.8,2.3,0.5,0.2,1.0
Chicago Bulls,2013-14,48,Jimmy Butler III,67,38.7,13.1,2.6,4.9,1.9,0.5,1.5,Joakim Noah,80,35.2,12.6,5.4,11.3,1.2,1.5,2.4,Mike Dunleavy,82,31.5,11.3,2.3,4.2,0.8,0.6,1.3,Derrick Rose,10,31.1,15.9,4.3,3.2,0.5,0.1,3.4,Kirk Hinrich,73,29.0,9.1,3.9,2.6,1.1,0.4,1.6
Cleveland Cavaliers,2013-14,33,Kyrie Irving,71,35.2,20.8,6.1,3.6,1.5,0.3,2.7,Luol Deng,63,35.1,16.0,2.9,5.7,1.0,0.1,1.8,Tristan Thompson,82,31.6,11.7,0.9,9.2,0.5,0.4,1.3,Spencer Hawes,80,30.9,13.2,3.0,8.3,0.6,1.2,2.2,Dion Waiters,70,29.6,15.9,3.0,2.8,0.9,0.2,2.2
Dallas Mavericks,2013-14,49,Monta Ellis,82,36.9,19.0,5.7,3.6,1.7,0.3,3.2,Dirk Nowitzki,80,32.9,21.7,2.7,6.2,0.9,0.6,1.5,Shawn Marion,76,31.7,10.4,1.6,6.5,1.2,0.5,1.3,Jose Calderon,81,30.5,11.4,4.7,2.4,0.9,0.1,1.3,Vince Carter,81,24.4,11.9,2.6,3.5,0.8,0.4,1.3
Denver Nuggets,2013-14,36,Ty Lawson,62,35.8,17.6,8.8,3.5,1.6,0.2,3.2,Wilson Chandler,62,31.1,13.6,1.8,4.7,0.7,0.5,1.3,Randy Foye,81,30.7,13.2,3.5,2.9,0.8,0.5,1.8,Kenneth Faried,80,27.2,13.7,1.2,8.6,0.9,0.9,1.7,JJ Hickson,69,26.9,11.8,1.4,9.2,0.7,0.7,1.9
Detroit Pistons,2013-14,29,Josh Smith,77,35.5,16.4,3.3,6.8,1.4,1.4,2.6,Brandon Jennings,80,34.1,15.5,7.6,3.1,1.3,0.1,2.7,Greg Monroe,82,32.8,15.2,2.1,9.3,1.1,0.6,2.0,Andre Drummond,81,32.3,13.5,0.4,13.2,1.2,1.6,1.4,Kyle Singler,82,28.5,9.6,0.9,3.7,0.7,0.5,1.0
Golden State Warriors,2013-14,51,Stephen Curry,78,36.5,24.0,8.5,4.3,1.6,0.2,3.8,Klay Thompson,81,35.4,18.4,2.2,3.1,0.9,0.5,1.7,David Lee,69,33.2,18.2,2.1,9.3,0.7,0.4,2.2,Andre Iguodala,63,32.4,9.3,4.2,4.7,1.5,0.3,1.6,Harrison Barnes,78,28.3,9.5,1.5,4.0,0.8,0.3,1.1
Houston Rockets,2013-14,54,James Harden,73,38.0,25.4,6.1,4.7,1.6,0.4,3.6,Chandler Parsons,74,37.6,16.6,4.0,5.5,1.2,0.4,1.9,Dwight Howard,71,33.8,18.3,1.8,12.2,0.8,1.8,3.2,Patrick Beverley,56,31.3,10.2,2.7,3.5,1.4,0.4,1.2,Jeremy Lin,71,28.9,12.5,4.1,2.6,1.0,0.4,2.5
Indiana Pacers,2013-14,56,Paul George,80,36.2,21.7,3.5,6.8,1.9,0.3,2.8,Lance Stephenson,78,35.3,13.8,4.6,7.2,0.7,0.1,2.7,George Hill,76,32.0,10.3,3.5,3.7,1.0,0.3,1.2,David West,80,30.9,14.0,2.8,6.8,0.8,0.9,1.7,Evan Turner,81,30.3,14.0,3.2,5.0,0.8,0.1,2.3
Los Angeles Clippers,2013-14,57,Blake Griffin,80,35.8,24.1,3.9,9.5,1.2,0.6,2.8,Chris Paul,62,35.0,19.1,10.7,4.3,2.5,0.1,2.3,DeAndre Jordan,82,35.0,10.4,0.9,13.6,1.0,2.5,1.5,Jamal Crawford,69,30.4,18.6,3.2,2.3,0.9,0.2,2.0,JJ Redick,35,28.2,15.2,2.2,2.1,0.8,0.1,1.2
Los Angeles Lakers,2013-14,27,Jodie Meeks,77,33.2,15.7,1.8,2.5,1.4,0.1,1.4,Pau Gasol,60,31.4,17.4,3.4,9.7,0.5,1.5,2.4,Kobe Bryant,6,29.5,13.8,6.3,4.3,1.2,0.2,5.7,Kendall Marshall,54,29.0,8.0,8.8,2.9,0.9,0.1,2.8,Wesley Johnson,79,28.4,9.1,1.6,4.4,1.1,1.0,1.1
Memphis Grizzlies,2013-14,50,Zach Randolph,79,34.2,17.4,2.5,10.1,0.7,0.3,2.3,Mike Conley,73,33.5,17.2,6.0,2.9,1.5,0.2,2.1,Marc Gasol,59,33.4,14.6,3.6,7.2,1.0,1.3,1.9,Tayshaun Prince,76,25.6,6.0,1.6,3.1,0.5,0.3,0.5,Courtney Lee,79,25.0,9.6,1.5,2.4,0.8,0.4,0.9
Miami Heat,2013-14,54,LeBron James,77,37.7,27.1,6.3,6.9,1.6,0.3,3.5,Dwyane Wade,54,32.9,19.0,4.7,4.5,1.5,0.5,3.0,Chris Bosh,79,32.0,16.2,1.1,6.6,1.0,1.0,1.6,Mario Chalmers,73,29.8,9.8,4.9,2.9,1.6,0.2,2.2,Ray Allen,73,26.5,9.6,2.0,2.8,0.7,0.1,1.2
Milwaukee Bucks,2013-14,15,Brandon Knight,72,33.3,17.9,4.9,3.5,1.0,0.2,2.6,Khris Middleton,82,30.0,12.1,2.1,3.8,1.0,0.2,1.5,Ersan Ilyasova,55,26.9,11.2,1.3,6.2,0.8,0.1,1.1,Ramon Sessions,83,26.7,12.3,4.1,2.4,0.6,0.1,1.8,John Henson,70,26.5,11.1,1.6,7.1,0.6,1.7,1.6
Minnesota Timberwolves,2013-14,40,Kevin Love,77,36.3,26.1,4.4,12.5,0.8,0.5,2.5,Corey Brewer,81,32.2,12.3,1.7,2.6,1.9,0.4,1.3,Ricky Rubio,82,32.2,9.5,8.6,4.2,2.3,0.1,2.7,Kevin Martin,68,32.0,19.1,1.8,3.0,1.0,0.1,1.6,Nikola Pekovic,54,30.8,17.5,0.9,8.7,0.6,0.4,1.6
New Orleans Pelicans,2013-14,34,Ryan Anderson,22,36.1,19.8,0.8,6.5,0.5,0.3,0.9,Anthony Davis,67,35.2,20.8,1.6,10.0,1.3,2.8,1.6,Jrue Holiday,34,33.6,14.3,7.9,4.2,1.6,0.4,3.1,Eric Gordon,64,32.1,15.4,3.3,2.6,1.2,0.2,2.1,Tyreke Evans,72,28.2,14.5,5.0,4.7,1.2,0.3,2.4
New York Knicks,2013-14,37,Carmelo Anthony,77,38.7,27.4,3.1,8.1,1.2,0.7,2.6,JR Smith,74,32.7,14.5,3.0,4.0,0.9,0.3,1.5,Raymond Felton,65,31.0,9.7,5.6,3.0,1.2,0.4,2.0,Tyson Chandler,55,30.2,8.7,1.1,9.6,0.7,1.1,1.3,Andrea Bargnani,42,29.9,13.3,1.1,5.3,0.3,1.2,1.4
Oklahoma City Thunder,2013-14,59,Kevin Durant,81,38.5,32.0,5.5,7.4,1.3,0.7,3.5,Serge Ibaka,81,32.9,15.1,1.0,8.8,0.5,2.7,1.5,Russell Westbrook,46,30.7,21.8,6.9,5.7,1.9,0.2,3.8,Reggie Jackson,80,28.5,13.1,4.1,3.9,1.1,0.1,2.1,Thabo Sefolosha,61,26.0,6.3,1.5,3.6,1.3,0.3,0.9
Orlando Magic,2013-14,23,Arron Afflalo,73,35.0,18.2,3.4,3.6,0.5,0.0,2.0,Jameer Nelson,68,32.0,12.1,7.0,3.4,0.8,0.1,2.4,Nikola Vučević,57,31.8,14.2,1.8,11.0,1.1,0.8,2.0,Victor Oladipo,80,31.1,13.8,4.1,4.1,1.6,0.5,3.2,Tobias Harris,61,30.3,14.6,1.3,7.0,0.7,0.4,1.3
Philadelphia 76ers,2013-14,19,Michael Carter-Williams,70,34.5,16.7,6.3,6.2,1.9,0.6,3.5,Thaddeus Young,79,34.4,17.9,2.3,6.0,2.1,0.5,2.1,James Anderson,80,28.9,10.1,1.9,3.8,0.9,0.4,1.3,Tony Wroten,72,24.5,13.0,3.0,3.2,1.1,0.2,2.8,Hollis Thompson,77,22.6,6.0,0.9,3.2,0.7,0.2,0.8
Phoenix Suns,2013-14,48,Goran Dragic,76,35.1,20.3,5.9,3.2,1.4,0.3,2.8,Eric Bledsoe,43,32.9,17.7,5.5,4.7,1.6,0.3,3.3,P.J. Tucker,81,30.7,9.4,1.7,6.5,1.4,0.3,1.3,Gerald Green,82,28.4,15.8,1.5,3.4,0.9,0.5,1.8,Channing Frye,82,28.2,11.1,1.2,5.1,0.7,0.8,1.1
Portland Trail Blazers,2013-14,54,LaMarcus Aldridge,69,36.2,23.2,2.6,11.1,0.9,1.0,1.8,Nicolas Batum,82,36.0,13.0,5.1,7.5,0.9,0.7,2.5,Damian Lillard,82,35.8,20.7,5.6,3.5,0.8,0.3,2.4,Wesley Matthews,82,33.9,16.4,2.4,3.5,0.9,0.2,1.3,Robin Lopez,82,31.8,11.1,0.9,8.5,0.3,1.7,1.0
Sacramento Kings,2013-14,28,Isaiah Thomas,72,34.7,20.3,6.3,2.9,1.3,0.1,3.0,Rudy Gay,73,34.7,20.0,2.9,6.0,1.3,0.8,3.1,DeMarcus Cousins,71,32.4,22.7,2.9,11.7,1.5,1.3,3.5,Ben McLemore,82,26.7,8.8,1.0,2.9,0.5,0.2,1.2,Jason Thompson,82,24.5,7.1,0.6,6.4,0.4,0.7,1.2
San Antonio Spurs,2013-14,62,Tony Parker,68,29.4,16.7,5.7,2.3,0.5,0.1,2.2,Tim Duncan,74,29.2,15.1,3.0,9.7,0.6,1.9,2.1,Kawhi Leonard,66,29.1,12.8,2.0,6.2,1.7,0.8,1.2,Marco Belinelli,80,25.2,11.4,2.2,2.8,0.6,0.1,1.2,Boris Diaw,79,25.0,9.1,2.8,4.1,0.6,0.4,1.5
Toronto Raptors,2013-14,48,DeMar DeRozan,79,38.2,22.7,4.0,4.3,1.1,0.4,2.2,Kyle Lowry,79,36.2,17.9,7.4,4.7,1.5,0.2,2.5,Amir Johnson,77,28.8,10.4,1.5,6.6,0.7,1.1,1.6,Jonas Valančiūnas,81,28.2,11.3,0.7,8.8,0.3,0.9,1.7,Terrence Ross,81,26.7,10.9,1.0,3.1,0.8,0.3,1.1
Utah Jazz,2013-14,25,Gordon Hayward,77,36.4,16.2,5.2,5.1,1.4,0.5,2.8,Trey Burke,70,32.3,12.8,5.7,3.0,0.6,0.1,1.9,Derrick Favors,73,30.2,13.3,1.2,8.7,1.0,1.5,1.8,Alec Burks,78,28.1,14.0,2.7,3.3,0.9,0.2,1.9,Richard Jefferson,82,27.0,10.1,1.6,2.7,0.7,0.2,1.1
Washington Wizards,2013-14,44,John Wall,82,36.3,19.3,8.8,4.1,1.8,0.5,3.6,Trevor Ariza,77,35.4,14.4,2.5,6.2,1.6,0.3,1.7,Bradley Beal,73,34.7,17.1,3.3,3.7,1.0,0.2,1.8,Marcin Gortat,81,32.8,13.2,1.7,9.5,0.5,1.5,1.6,Nene,53,29.4,14.2,2.9,5.5,1.2,0.9,2.2
Atlanta Hawks,2014-15,60,Paul Millsap,73,32.7,16.7,3.1,7.8,1.8,0.9,2.3,Kyle Korver,75,32.2,12.1,2.6,4.1,0.7,0.6,1.4,DeMarre Carroll,70,31.3,12.6,1.7,5.3,1.3,0.2,1.1,Al Horford,76,30.5,15.2,3.2,7.2,0.9,1.3,1.3,Jeff Teague,73,30.5,15.9,7.0,2.5,1.7,0.4,2.8
Boston Celtics,2014-15,40,Avery Bradley,77,31.5,13.9,1.8,3.1,1.1,0.2,1.4,Evan Turner,82,27.6,9.5,5.5,5.1,1.0,0.2,2.4,Jared Sullinger,58,27.0,13.3,2.3,7.6,0.8,0.7,1.3,Marcus Smart,67,27.0,7.8,3.1,3.3,1.5,0.3,1.3,Isaiah Thomas,67,25.8,16.4,4.2,2.3,0.9,0.1,2.1
Brooklyn Nets,2014-15,38,Joe Johnson,80,34.9,14.4,3.7,4.8,0.7,0.2,1.7,Thaddeus Young,76,32.0,14.1,2.3,5.4,1.6,0.3,1.5,Deron Williams,68,31.1,13.0,6.6,3.5,0.9,0.3,2.3,Brook Lopez,72,29.2,17.2,0.7,7.4,0.6,1.8,1.4,Jarrett Jack,80,28.0,12.0,4.7,3.1,0.9,0.2,2.4
Charlotte Hornets,2014-15,33,Kemba Walker,62,34.2,17.3,5.1,3.5,1.4,0.5,1.6,Al Jefferson,65,30.6,16.6,1.7,8.4,0.7,1.3,1.0,Mo Williams,68,29.1,14.2,6.2,2.6,0.7,0.2,2.5,Gerald Henderson,80,28.9,12.1,2.6,3.4,0.6,0.3,1.4,Michael Kidd-Gilchrist,55,28.9,10.9,1.4,7.6,0.5,0.7,1.1
Chicago Bulls,2014-15,50,Jimmy Butler III,65,38.7,20.0,3.3,5.8,1.8,0.6,1.4,Pau Gasol,78,34.4,18.5,2.7,11.8,0.3,1.9,2.0,Joakim Noah,67,30.6,7.2,4.7,9.6,0.7,1.1,1.8,Derrick Rose,51,30.0,17.7,4.9,3.2,0.7,0.3,3.2,Mike Dunleavy,63,29.2,9.4,1.8,3.9,0.6,0.3,1.0
Cleveland Cavaliers,2014-15,53,Kyrie Irving,75,36.4,21.7,5.2,3.2,1.5,0.3,2.5,LeBron James,69,36.1,25.3,7.4,6.0,1.6,0.7,3.9,Kevin Love,75,33.8,16.4,2.2,9.7,0.7,0.5,1.6,JR Smith,70,29.7,12.1,2.8,3.1,1.2,0.3,1.4,Tristan Thompson,82,26.8,8.5,0.5,8.0,0.4,0.7,1.0
Dallas Mavericks,2014-15,50,Monta Ellis,80,33.7,18.9,4.1,2.4,1.9,0.3,2.5,Chandler Parsons,66,33.1,15.7,2.4,4.9,1.0,0.3,1.5,Tyson Chandler,75,30.5,10.3,1.1,11.5,0.6,1.2,1.4,Rajon Rondo,68,29.7,8.9,7.9,5.5,1.3,0.1,3.1,Dirk Nowitzki,77,29.6,17.3,1.9,5.9,0.5,0.4,1.1
Denver Nuggets,2014-15,30,Ty Lawson,75,35.5,15.2,9.6,3.1,1.2,0.1,2.5,Wilson Chandler,78,31.7,13.9,1.7,6.1,0.7,0.4,1.4,Kenneth Faried,75,27.8,12.6,1.2,8.9,0.8,0.8,1.6,Danilo Gallinari,59,24.2,12.4,1.4,3.7,0.8,0.3,1.0,Jameer Nelson,63,22.3,8.3,4.0,2.3,0.7,0.1,1.7
Detroit Pistons,2014-15,32,Kentavious Caldwell-Pope,82,31.5,12.7,1.3,3.1,1.1,0.2,1.1,Greg Monroe,69,31.0,15.9,2.1,10.2,1.1,0.5,2.2,Andre Drummond,82,30.5,13.8,0.7,13.5,0.9,1.9,1.5,Reggie Jackson,77,29.5,14.5,6.0,4.2,0.8,0.1,2.4,Brandon Jennings,41,28.6,15.4,6.6,2.5,1.1,0.1,2.2
Golden State Warriors,2014-15,67,Stephen Curry,80,32.7,23.8,7.7,4.3,2.0,0.2,3.1,Klay Thompson,77,31.9,21.7,2.9,3.2,1.1,0.8,1.9,Draymond Green,79,31.5,11.7,3.7,8.2,1.6,1.3,1.7,Harrison Barnes,82,28.3,10.1,1.4,5.5,0.7,0.2,0.9,Andre Iguodala,77,26.9,7.8,3.0,3.3,1.2,0.3,1.1
Houston Rockets,2014-15,56,James Harden,81,36.8,27.4,7.0,5.7,1.9,0.7,4.0,Trevor Ariza,82,35.7,12.8,2.5,5.6,1.9,0.2,1.7,Patrick Beverley,56,30.8,10.1,3.4,4.2,1.1,0.4,1.5,Dwight Howard,41,29.8,15.8,1.2,10.5,0.7,1.3,2.8,Donatas Motiejunas,71,28.7,12.0,1.8,5.9,0.8,0.5,1.7
Indiana Pacers,2014-15,38,George Hill,43,29.5,16.1,5.1,4.2,1.0,0.3,1.6,Solomon Hill,82,29.0,8.9,2.2,3.8,0.8,0.2,1.4,David West,66,28.7,11.7,3.4,6.8,0.7,0.7,1.8,Rodney Stuckey,71,26.4,12.6,3.1,3.5,0.8,0.1,1.7,CJ Miles,70,26.3,13.5,1.1,3.1,0.9,0.4,1.0
Los Angeles Clippers,2014-15,56,Blake Griffin,67,35.2,21.9,5.3,7.6,0.9,0.5,2.3,Chris Paul,82,34.8,19.1,10.2,4.6,1.9,0.2,2.3,DeAndre Jordan,82,34.4,11.5,0.7,15.0,1.0,2.2,1.3,JJ Redick,78,30.9,16.4,1.8,2.1,0.5,0.1,1.2,Matt Barnes,76,29.9,10.1,1.5,4.0,0.9,0.7,1.1
Los Angeles Lakers,2014-15,21,Vander Blue,2,36.9,11.0,4.0,4.5,1.5,0.0,3.0,Kobe Bryant,35,34.5,22.3,5.6,5.7,1.3,0.2,3.7,Jabari Brown,19,29.9,11.9,2.1,1.9,0.6,0.1,1.7,Wesley Johnson,76,29.5,9.9,1.6,4.2,0.8,0.6,1.1,Jordan Hill,70,26.8,12.0,1.5,7.9,0.5,0.7,1.5
Memphis Grizzlies,2014-15,55,Marc Gasol,81,33.2,17.4,3.8,7.8,0.9,1.6,2.2,Zach Randolph,71,32.4,16.1,2.2,10.5,1.0,0.2,2.2,Mike Conley,70,31.8,15.8,5.4,3.0,1.3,0.2,2.2,Jeff Green,78,31.5,15.0,1.7,4.2,0.7,0.4,1.4,Courtney Lee,77,30.6,10.1,2.0,2.3,1.0,0.2,1.0
Miami Heat,2014-15,37,Chris Bosh,44,35.4,21.1,2.2,7.0,0.9,0.6,2.2,Goran Dragic,78,33.8,16.3,4.5,3.5,1.0,0.2,2.2,Luol Deng,72,33.6,14.0,1.9,5.2,0.9,0.3,1.5,Dwyane Wade,62,31.8,21.5,4.8,3.5,1.2,0.3,3.4,Mario Chalmers,80,29.6,10.2,3.8,2.6,1.5,0.1,2.2
Milwaukee Bucks,2014-15,41,Michael Carter-Williams,66,32.6,14.6,6.7,5.3,1.7,0.5,3.8,Giannis Antetokounmpo,81,31.4,12.7,2.6,6.7,0.9,1.0,2.1,Khris Middleton,79,30.1,13.4,2.3,4.4,1.5,0.1,1.4,Jabari Parker,25,29.5,12.3,1.7,5.5,1.2,0.2,1.9,O.J. Mayo,71,23.9,11.4,2.8,2.6,0.8,0.3,1.8
Minnesota Timberwolves,2014-15,16,Andrew Wiggins,82,36.2,16.9,2.1,4.6,1.0,0.6,2.2,Kevin Martin,39,33.4,20.0,2.3,3.6,0.8,0.0,1.9,Ricky Rubio,22,31.5,10.3,8.8,5.7,1.7,0.0,2.9,Gorgui Dieng,73,30.0,9.7,2.0,8.3,1.0,1.7,1.7,Nikola Pekovic,31,26.3,12.5,0.9,7.5,0.6,0.4,1.4
New Orleans Pelicans,2014-15,45,Anthony Davis,68,36.1,24.4,2.2,10.2,1.5,2.9,1.4,Tyreke Evans,79,34.0,16.6,6.6,5.3,1.3,0.5,3.1,Eric Gordon,61,33.1,13.4,3.8,2.6,0.8,0.2,2.0,Jrue Holiday,40,32.6,14.8,6.9,3.4,1.6,0.6,2.3,Ryan Anderson,61,27.5,13.7,0.9,4.8,0.5,0.3,1.0
New York Knicks,2014-15,17,Carmelo Anthony,40,35.7,24.2,3.1,6.6,1.0,0.4,2.2,Langston Galloway,45,32.4,11.8,3.3,4.2,1.2,0.3,1.4,Jose Calderon,42,30.2,9.1,4.7,3.0,0.7,0.0,1.8,Andrea Bargnani,29,27.1,14.8,1.6,4.4,0.1,0.9,1.4,Shane Larkin,76,24.5,6.2,3.0,2.3,1.2,0.1,1.1
Oklahoma City Thunder,2014-15,45,Russell Westbrook,67,34.4,28.1,8.6,7.3,2.1,0.2,4.4,Kevin Durant,27,33.8,25.4,4.1,6.6,0.9,0.9,2.7,Serge Ibaka,64,33.1,14.3,0.9,7.8,0.5,2.4,1.5,Enes Freedom,75,28.5,15.5,0.7,8.9,0.5,0.4,1.9,Dion Waiters,80,27.6,11.8,2.0,2.4,1.1,0.3,1.4
Orlando Magic,2014-15,25,Victor Oladipo,72,35.7,17.9,4.1,4.2,1.7,0.3,2.8,Tobias Harris,68,34.8,17.1,1.8,6.3,1.0,0.5,1.7,Nikola Vučević,74,34.2,19.3,2.0,10.9,0.7,0.7,2.0,Elfrid Payton,82,30.3,8.9,6.5,4.3,1.7,0.2,2.5,Evan Fournier,58,28.6,12.0,2.1,2.6,0.7,0.0,1.4
Philadelphia 76ers,2014-15,18,Nerlens Noel,75,30.8,9.9,1.7,8.1,1.8,1.9,1.9,Tony Wroten,30,29.8,16.9,5.2,2.9,1.6,0.3,3.8,Luc Mbah a Moute,67,28.6,9.9,1.6,4.9,1.2,0.3,1.5,Robert Covington,70,27.9,13.5,1.5,4.5,1.4,0.4,1.8,Hollis Thompson,71,25.0,8.8,1.2,2.8,0.8,0.4,0.9
Phoenix Suns,2014-15,39,Eric Bledsoe,81,34.6,17.0,6.1,5.2,1.6,0.6,3.4,Brandon Knight,63,32.3,17.0,5.2,3.9,1.4,0.2,3.0,Markieff Morris,82,31.5,15.3,2.3,6.2,1.2,0.5,2.1,P.J. Tucker,78,30.6,9.1,1.6,6.4,1.4,0.3,1.2,Marcus Morris Sr.,81,25.2,10.4,1.6,4.8,0.8,0.2,0.9
Portland Trail Blazers,2014-15,51,Damian Lillard,82,35.7,21.0,6.2,4.6,1.2,0.3,2.7,LaMarcus Aldridge,71,35.4,23.4,1.7,10.2,0.7,1.0,1.7,Wesley Matthews,60,33.7,15.9,2.3,3.7,1.3,0.2,1.4,Nicolas Batum,71,33.5,9.4,4.8,5.9,1.1,0.6,1.9,Arron Afflalo,78,32.1,13.3,1.7,3.2,0.5,0.1,1.5
Sacramento Kings,2014-15,29,Rudy Gay,68,35.4,21.1,3.7,5.9,1.0,0.6,2.7,Darren Collison,45,34.8,16.1,5.6,3.2,1.5,0.3,2.5,DeMarcus Cousins,59,34.1,24.1,3.6,12.7,1.5,1.7,4.3,Ben McLemore,82,32.6,12.1,1.7,2.9,0.9,0.2,1.7,Jason Thompson,81,24.6,6.1,1.0,6.5,0.4,0.7,1.0
San Antonio Spurs,2014-15,55,Kawhi Leonard,64,31.8,16.5,2.5,7.2,2.3,0.8,1.5,Tim Duncan,77,28.9,13.9,3.0,9.1,0.8,2.0,1.7,Tony Parker,68,28.7,14.4,4.9,1.9,0.6,0.0,2.1,Danny Green,81,28.5,11.7,2.0,4.2,1.2,1.1,1.1,Boris Diaw,81,24.5,8.7,2.9,4.3,0.4,0.3,1.6
Toronto Raptors,2014-15,49,DeMar DeRozan,60,35.0,20.1,3.5,4.6,1.2,0.2,2.3,Kyle Lowry,70,34.5,17.8,6.8,4.7,1.6,0.2,2.5,Patrick Patterson,81,26.6,8.0,1.9,5.3,0.7,0.5,0.7,Amir Johnson,75,26.4,9.3,1.6,6.1,0.6,0.8,1.5,Jonas Valančiūnas,80,26.2,12.0,0.5,8.7,0.4,1.2,1.4
Utah Jazz,2014-15,38,Gordon Hayward,76,34.4,19.3,4.1,4.9,1.4,0.4,2.7,Alec Burks,27,33.3,13.9,3.0,4.2,0.6,0.2,1.9,Derrick Favors,74,30.8,16.0,1.5,8.2,0.8,1.7,1.6,Trey Burke,76,30.1,12.8,4.3,2.7,0.9,0.2,1.6,Rudy Gobert,82,26.3,8.4,1.3,9.5,0.8,2.3,1.4
Washington Wizards,2014-15,46,John Wall,79,35.9,17.6,10.0,4.6,1.7,0.6,3.8,Bradley Beal,63,33.5,15.3,3.1,3.8,1.2,0.3,2.0,Marcin Gortat,82,29.9,12.2,1.2,8.7,0.6,1.3,1.2,Paul Pierce,73,26.2,11.9,2.0,4.0,0.6,0.3,1.3,Nene,67,25.3,11.0,1.8,5.1,1.0,0.3,1.9
Atlanta Hawks,2015-16,48,Paul Millsap,81,32.7,17.1,3.3,9.0,1.8,1.7,2.4,Al Horford,82,32.1,15.2,3.2,7.3,0.8,1.5,1.3,Kyle Korver,80,30.0,9.2,2.1,3.3,0.8,0.4,1.2,Jeff Teague,79,28.5,15.7,5.9,2.7,1.2,0.3,2.8,Kent Bazemore,75,27.8,11.6,2.3,5.1,1.3,0.5,1.8
Boston Celtics,2015-16,48,Avery Bradley,76,33.4,15.2,2.1,2.9,1.5,0.3,1.4,Isaiah Thomas,82,32.2,22.2,6.2,3.0,1.1,0.1,2.7,Jae Crowder,73,31.6,14.2,1.8,5.1,1.7,0.5,1.1,Evan Turner,81,28.0,10.5,4.4,4.9,1.0,0.3,2.1,Marcus Smart,61,27.3,9.1,3.0,4.2,1.5,0.3,1.3
Brooklyn Nets,2015-16,21,Brook Lopez,73,33.7,20.6,2.0,7.8,0.8,1.7,2.4,Thaddeus Young,73,33.0,15.1,1.9,9.0,1.5,0.5,1.9,Jarrett Jack,32,32.1,12.8,7.4,4.3,1.1,0.2,2.9,Bojan Bogdanovic,79,26.8,11.2,1.3,3.2,0.4,0.1,1.5,Shane Larkin,78,22.4,7.3,4.4,2.3,1.2,0.2,1.9
Charlotte Hornets,2015-16,48,Kemba Walker,81,35.6,20.9,5.2,4.4,1.6,0.5,2.1,Nicolas Batum,70,35.0,14.9,5.8,6.1,0.9,0.6,2.9,Courtney Lee,79,29.6,9.6,1.7,2.6,1.1,0.4,0.9,Michael Kidd-Gilchrist,7,29.2,12.7,1.3,6.4,0.4,0.4,1.1,Marvin Williams,81,28.9,11.7,1.4,6.4,0.7,1.0,0.8
Chicago Bulls,2015-16,42,Jimmy Butler III,67,36.9,20.9,4.8,5.3,1.6,0.6,2.0,Derrick Rose,66,31.8,16.4,4.7,3.4,0.7,0.2,2.7,Pau Gasol,72,31.8,16.5,4.1,11.0,0.6,2.0,2.3,Taj Gibson,73,26.5,8.6,1.5,6.9,0.6,1.1,1.1,Nikola Mirotic,66,24.9,11.8,1.5,5.5,0.9,0.7,1.5
Cleveland Cavaliers,2015-16,57,Dahntay Jones,1,42.4,13.0,2.0,5.0,1.0,2.0,0.0,LeBron James,76,35.6,25.3,6.8,7.4,1.4,0.6,3.3,Kevin Love,77,31.5,16.0,2.4,9.9,0.8,0.5,1.8,Kyrie Irving,53,31.5,19.6,4.7,3.0,1.1,0.3,2.3,JR Smith,77,30.7,12.4,1.7,2.8,1.1,0.3,0.8
Dallas Mavericks,2015-16,42,Wesley Matthews,78,33.9,12.5,1.9,3.1,1.0,0.2,1.0,Deron Williams,65,32.4,14.1,5.8,2.9,0.9,0.2,2.3,Dirk Nowitzki,75,31.5,18.3,1.8,6.5,0.7,0.7,1.1,Chandler Parsons,61,29.5,13.7,2.8,4.7,0.8,0.3,1.6,Raymond Felton,80,27.4,9.5,3.6,3.2,0.9,0.2,1.5
Denver Nuggets,2015-16,33,Danilo Gallinari,53,34.7,19.5,2.5,5.3,0.8,0.4,1.5,Gary Harris,76,32.1,12.3,1.9,2.9,1.3,0.2,1.3,Emmanuel Mudiay,68,30.4,12.8,5.5,3.4,1.0,0.5,3.2,Will Barton,82,28.7,14.4,2.5,5.8,0.9,0.5,1.7,Jameer Nelson,39,26.6,7.7,4.9,2.9,0.6,0.1,1.7
Detroit Pistons,2015-16,44,Kentavious Caldwell-Pope,76,36.7,14.5,1.8,3.7,1.4,0.2,1.4,Marcus Morris Sr.,80,35.7,14.1,2.5,5.1,0.8,0.3,1.8,Tobias Harris,76,33.1,14.7,2.2,6.7,0.9,0.5,1.4,Andre Drummond,81,32.9,16.2,0.8,14.8,1.5,1.4,1.9,Reggie Jackson,79,30.7,18.8,6.2,3.2,0.7,0.1,2.8
Golden State Warriors,2015-16,73,Draymond Green,81,34.7,14.0,7.4,9.5,1.5,1.4,3.2,Stephen Curry,79,34.2,30.1,6.7,5.4,2.1,0.2,3.3,Klay Thompson,80,33.3,22.1,2.1,3.8,0.8,0.6,1.7,Harrison Barnes,66,30.9,11.7,1.8,4.9,0.6,0.2,0.9,Andre Iguodala,65,26.6,7.0,3.4,4.0,1.1,0.3,1.2
Houston Rockets,2015-16,41,James Harden,82,38.1,29.0,7.5,6.1,1.7,0.6,4.6,Trevor Ariza,81,35.3,12.7,2.3,4.5,2.0,0.3,1.4,Dwight Howard,71,32.1,13.7,1.4,11.8,1.0,1.6,2.3,Patrick Beverley,71,28.7,9.9,3.4,3.5,1.3,0.4,1.3,Terrence Jones,50,20.9,8.7,0.8,4.2,0.5,0.8,1.0
Indiana Pacers,2015-16,45,Paul George,81,34.8,23.1,4.1,7.0,1.9,0.4,3.3,George Hill,74,34.1,12.1,3.5,4.0,1.1,0.2,1.4,Monta Ellis,81,33.8,13.8,4.7,3.3,1.9,0.5,2.5,Ian Mahinmi,71,25.6,9.3,1.5,7.1,0.9,1.1,1.4,CJ Miles,64,22.9,11.8,1.0,2.7,0.8,0.5,1.1
LA Clippers,2015-16,53,DeAndre Jordan,77,33.7,12.7,1.2,13.8,0.7,2.3,1.4,Blake Griffin,35,33.4,21.4,4.9,8.4,0.8,0.5,2.4,Chris Paul,74,32.7,19.5,10.0,4.2,2.1,0.2,2.6,Jeff Green,80,28.2,11.7,1.7,4.2,0.7,0.5,1.2,JJ Redick,75,28.0,16.3,1.4,1.9,0.6,0.1,1.0
Los Angeles Lakers,2015-16,17,Jordan Clarkson,79,32.3,15.5,2.4,4.0,1.1,0.1,1.7,Lou Williams,67,28.5,15.3,2.5,2.5,0.9,0.3,1.6,D'Angelo Russell,80,28.2,13.2,3.3,3.4,1.2,0.2,2.5,Julius Randle,81,28.2,11.3,1.8,10.2,0.7,0.4,1.8,Kobe Bryant,66,28.2,17.6,2.8,3.7,0.9,0.2,2.0
Memphis Grizzlies,2015-16,42,Marc Gasol,52,34.4,16.6,3.8,7.0,1.0,1.3,2.3,Mike Conley,56,31.4,15.3,6.1,2.9,1.2,0.3,1.5,Zach Randolph,68,29.7,15.3,2.1,7.8,0.6,0.2,1.5,Matt Barnes,76,28.8,10.0,2.1,5.5,1.0,0.8,1.6,Tony Allen,64,25.3,8.4,1.1,4.6,1.7,0.3,1.2
Miami Heat,2015-16,48,Chris Bosh,53,33.5,19.1,2.4,7.4,0.7,0.6,1.5,Joe Johnson,81,33.4,12.2,3.9,3.6,0.8,0.0,2.0,Goran Dragic,72,32.8,14.1,5.8,3.8,1.0,0.2,2.6,Luol Deng,74,32.4,12.3,1.9,6.0,1.0,0.4,1.1,Dwyane Wade,74,30.5,19.0,4.6,4.1,1.1,0.6,2.7
Milwaukee Bucks,2015-16,33,Khris Middleton,79,36.1,18.2,4.2,3.8,1.7,0.2,2.3,Giannis Antetokounmpo,80,35.3,16.9,4.3,7.7,1.2,1.4,2.6,Jabari Parker,76,31.7,14.1,1.7,5.2,0.9,0.4,1.5,Michael Carter-Williams,54,30.5,11.5,5.2,5.1,1.5,0.8,2.8,Greg Monroe,79,29.3,15.3,2.3,8.8,0.9,0.8,1.6
Minnesota Timberwolves,2015-16,29,Andrew Wiggins,81,35.1,20.7,2.0,3.6,1.0,0.6,2.2,Karl-Anthony Towns,82,32.0,18.3,2.0,10.5,0.7,1.7,2.2,Ricky Rubio,76,30.6,10.1,8.7,4.3,2.1,0.1,2.5,Zach LaVine,82,28.0,14.0,3.1,2.8,0.8,0.2,1.9,Gorgui Dieng,82,27.1,10.1,1.7,7.1,1.1,1.2,1.7
New Orleans Pelicans,2015-16,30,Anthony Davis,61,35.5,24.3,1.9,10.3,1.3,2.0,2.0,Eric Gordon,45,32.9,15.2,2.7,2.2,1.0,0.3,1.6,Tyreke Evans,25,30.6,15.2,6.6,5.2,1.3,0.3,2.9,Ryan Anderson,66,30.4,17.0,1.1,6.0,0.6,0.4,1.4,Jrue Holiday,65,28.2,16.8,6.0,3.0,1.4,0.3,2.6
New York Knicks,2015-16,32,Carmelo Anthony,72,35.1,21.8,4.2,7.7,0.9,0.5,2.4,Arron Afflalo,71,33.4,12.8,2.0,3.7,0.4,0.1,1.2,Kristaps Porziņģis,72,28.4,14.3,1.3,7.3,0.7,1.9,1.7,Jose Calderon,72,28.1,7.6,4.1,3.2,0.9,0.1,1.2,Robin Lopez,82,27.1,10.3,1.4,7.3,0.2,1.6,1.6
Oklahoma City Thunder,2015-16,55,Kevin Durant,72,35.8,28.2,5.0,8.2,1.0,1.2,3.5,Russell Westbrook,80,34.4,23.5,10.4,7.8,2.0,0.3,4.3,Serge Ibaka,78,32.1,12.6,0.8,6.8,0.5,1.9,1.4,Dion Waiters,78,27.6,9.8,2.0,2.6,1.0,0.2,1.5,Steven Adams,80,25.2,8.0,0.8,6.7,0.5,1.1,1.1
Orlando Magic,2015-16,35,Victor Oladipo,72,33.0,16.0,3.9,4.8,1.6,0.8,2.1,Evan Fournier,79,32.5,15.4,2.7,2.8,1.2,0.0,1.7,Nikola Vučević,65,31.3,18.2,2.8,8.9,0.8,1.1,1.9,Elfrid Payton,73,29.4,10.7,6.4,3.6,1.2,0.3,2.4,Ersan Ilyasova,74,25.4,10.4,0.9,5.4,0.7,0.4,1.0
Philadelphia 76ers,2015-16,10,Jahlil Okafor,53,30.0,17.5,1.2,7.0,0.4,1.2,2.3,Nerlens Noel,67,29.3,11.1,1.8,8.1,1.8,1.5,2.4,Ish Smith,77,29.1,12.6,6.5,4.0,1.1,0.3,2.3,Robert Covington,67,28.4,12.8,1.4,6.3,1.6,0.6,2.1,Hollis Thompson,77,28.0,9.8,1.3,3.5,0.5,0.3,1.0
Phoenix Suns,2015-16,23,Brandon Knight,52,36.0,19.6,5.1,3.9,1.2,0.4,3.4,Eric Bledsoe,31,34.2,20.4,6.1,4.0,2.0,0.6,3.5,P.J. Tucker,82,31.0,8.0,2.2,6.2,1.3,0.2,1.4,Devin Booker,76,27.7,13.8,2.6,2.5,0.6,0.3,2.1,Tyson Chandler,66,24.5,7.2,1.0,8.7,0.5,0.7,1.4
Portland Trail Blazers,2015-16,44,Damian Lillard,75,35.7,25.1,6.8,4.0,0.9,0.4,3.2,CJ McCollum,80,34.7,20.8,4.3,3.2,1.2,0.3,2.5,Al-Farouq Aminu,82,28.5,10.2,1.7,6.1,0.9,0.6,1.5,Allen Crabbe,81,26.0,10.3,1.2,2.7,0.8,0.2,0.8,Mason Plumlee,82,25.4,9.1,2.8,7.7,0.8,1.0,1.9
Sacramento Kings,2015-16,33,Rajon Rondo,72,35.2,11.9,11.7,6.0,2.0,0.1,3.9,DeMarcus Cousins,65,34.6,26.9,3.3,11.5,1.6,1.4,3.8,Rudy Gay,70,34.0,17.2,1.7,6.5,1.4,0.7,2.0,Darren Collison,74,30.0,14.0,4.3,2.3,1.0,0.1,1.8,Omri Casspi,69,27.3,11.8,1.4,5.9,0.8,0.2,1.4
San Antonio Spurs,2015-16,67,Kawhi Leonard,72,33.0,21.2,2.6,6.8,1.8,1.0,1.5,LaMarcus Aldridge,74,30.6,18.0,1.5,8.5,0.5,1.1,1.3,Tony Parker,72,27.5,11.9,5.3,2.4,0.8,0.2,1.8,Danny Green,79,26.1,7.2,1.8,3.8,1.0,0.8,0.9,Tim Duncan,61,25.2,8.6,2.7,7.3,0.8,1.3,1.5
Toronto Raptors,2015-16,56,Kyle Lowry,77,37.0,21.2,6.4,4.7,2.1,0.4,2.9,DeMar DeRozan,78,35.9,23.5,4.0,4.5,1.0,0.3,2.2,DeMarre Carroll,26,30.2,11.0,1.0,4.7,1.7,0.2,1.1,Jonas Valančiūnas,60,25.9,12.8,0.7,9.1,0.4,1.3,1.4,Cory Joseph,80,25.6,8.5,3.1,2.6,0.8,0.3,1.3
Utah Jazz,2015-16,40,Gordon Hayward,80,36.2,19.7,3.7,5.0,1.2,0.3,2.5,Rodney Hood,79,32.2,14.5,2.7,3.4,0.9,0.2,1.6,Derrick Favors,62,32.0,16.4,1.5,8.1,1.2,1.5,1.7,Rudy Gobert,61,31.7,9.1,1.5,11.0,0.7,2.2,1.9,Alec Burks,31,25.7,13.3,2.0,3.5,0.6,0.1,1.6
Washington Wizards,2015-16,41,John Wall,77,36.2,19.9,10.2,4.9,1.9,0.8,4.1,Bradley Beal,55,31.1,17.4,2.9,3.4,1.0,0.2,2.0,Otto Porter Jr.,75,30.3,11.6,1.6,5.2,1.4,0.4,0.9,Marcin Gortat,75,30.1,13.5,1.4,9.9,0.6,1.3,1.6,Jared Dudley,81,25.9,7.9,2.1,3.5,0.9,0.2,1.0
Atlanta Hawks,2016-17,43,Paul Millsap,69,34.0,18.1,3.7,7.7,1.3,0.9,2.3,Dennis Schröder,79,31.5,17.9,6.3,3.1,0.9,0.2,3.3,Dwight Howard,74,29.7,13.5,1.4,12.7,0.9,1.2,2.3,Tim Hardaway Jr.,79,27.3,14.5,2.3,2.8,0.7,0.2,1.3,Kent Bazemore,73,26.9,11.0,2.4,3.2,1.2,0.7,1.7
Boston Celtics,2016-17,53,Isaiah Thomas,76,33.8,28.9,5.9,2.7,0.9,0.2,2.8,Avery Bradley,55,33.4,16.3,2.2,6.1,1.2,0.2,1.6,Jae Crowder,72,32.4,13.9,2.2,5.8,1.0,0.3,1.1,Al Horford,68,32.3,14.0,5.0,6.8,0.8,1.3,1.7,Marcus Smart,79,30.4,10.6,4.6,3.9,1.6,0.4,2.0
Brooklyn Nets,2016-17,20,Brook Lopez,75,29.6,20.5,2.3,5.4,0.5,1.7,2.5,Sean Kilpatrick,70,25.1,13.1,2.2,4.0,0.6,0.1,1.9,Trevor Booker,71,24.7,10.0,1.9,8.0,1.1,0.4,1.8,Jeremy Lin,36,24.5,14.5,5.1,3.8,1.2,0.4,2.4,Spencer Dinwiddie,59,22.6,7.3,3.1,2.8,0.7,0.4,1.1
Charlotte Hornets,2016-17,36,Kemba Walker,79,34.7,23.2,5.5,3.9,1.1,0.3,2.1,Nicolas Batum,77,34.0,15.1,5.9,6.2,1.1,0.4,2.5,Marvin Williams,76,30.2,11.2,1.4,6.6,0.8,0.7,0.8,Michael Kidd-Gilchrist,81,29.0,9.2,1.4,7.0,1.0,1.0,0.7,Cody Zeller,62,27.8,10.3,1.6,6.5,1.0,0.9,1.0
Chicago Bulls,2016-17,41,Jimmy Butler III,76,37.0,23.9,5.5,6.2,1.9,0.4,2.1,Dwyane Wade,60,29.9,18.3,3.8,4.5,1.4,0.7,2.3,Robin Lopez,81,28.0,10.4,1.0,6.4,0.2,1.4,1.1,Rajon Rondo,69,26.7,7.8,6.7,5.1,1.4,0.2,2.4,Nikola Mirotic,70,24.0,10.6,1.1,5.5,0.8,0.8,1.1
Cleveland Cavaliers,2016-17,51,LeBron James,74,37.8,26.4,8.7,8.6,1.2,0.6,4.1,Kyrie Irving,72,35.1,25.2,5.8,3.2,1.2,0.3,2.5,Kevin Love,60,31.4,19.0,1.9,11.1,0.9,0.4,2.0,Tristan Thompson,78,30.0,8.1,1.0,9.2,0.5,1.1,0.8,JR Smith,41,29.0,8.6,1.5,2.8,1.0,0.3,0.6
Dallas Mavericks,2016-17,33,Harrison Barnes,79,35.5,19.2,1.5,5.0,0.8,0.2,1.3,Wesley Matthews,73,34.2,13.5,2.9,3.5,1.1,0.2,1.4,Seth Curry,70,29.0,12.8,2.7,2.6,1.1,0.1,1.3,Dirk Nowitzki,54,26.4,14.2,1.5,6.5,0.6,0.7,0.9,Yogi Ferrell,46,26.0,10.0,3.7,2.4,0.9,0.2,1.5
Denver Nuggets,2016-17,40,Danilo Gallinari,63,33.9,18.2,2.1,5.2,0.6,0.2,1.3,Gary Harris,57,31.3,14.9,2.9,3.1,1.2,0.1,1.3,Wilson Chandler,71,30.9,15.7,2.0,6.5,0.7,0.4,1.6,Will Barton,60,28.4,13.7,3.4,4.3,0.8,0.5,1.6,Nikola Jokić,73,27.9,16.7,4.9,9.8,0.8,0.8,2.3
Detroit Pistons,2016-17,37,Kentavious Caldwell-Pope,76,33.3,13.8,2.5,3.3,1.2,0.2,1.1,Marcus Morris Sr.,79,32.5,14.0,2.0,4.6,0.7,0.3,1.1,Tobias Harris,82,31.3,16.1,1.7,5.1,0.7,0.5,1.2,Andre Drummond,81,29.7,13.6,1.1,13.8,1.5,1.1,1.9,Reggie Jackson,52,27.4,14.5,5.2,2.2,0.7,0.1,2.2
Golden State Warriors,2016-17,67,Klay Thompson,78,34.0,22.3,2.1,3.7,0.8,0.5,1.6,Kevin Durant,62,33.4,25.1,4.8,8.3,1.1,1.6,2.2,Stephen Curry,79,33.4,25.3,6.6,4.5,1.8,0.2,3.0,Draymond Green,76,32.5,10.2,7.0,7.9,2.0,1.4,2.4,Andre Iguodala,76,26.3,7.6,3.4,4.0,1.0,0.5,0.8
Houston Rockets,2016-17,55,James Harden,81,36.4,29.1,11.2,8.1,1.5,0.5,5.7,Trevor Ariza,80,34.7,11.7,2.2,5.7,1.8,0.3,0.9,Eric Gordon,75,31.0,16.2,2.5,2.7,0.6,0.5,1.6,Patrick Beverley,67,30.7,9.5,4.2,5.9,1.5,0.4,1.5,Ryan Anderson,72,29.4,13.6,0.9,4.6,0.4,0.2,0.8
Indiana Pacers,2016-17,42,Paul George,75,35.9,23.7,3.3,6.6,1.6,0.4,2.9,Jeff Teague,82,32.4,15.3,7.8,4.0,1.2,0.4,2.6,Myles Turner,81,31.4,14.5,1.3,7.3,0.9,2.1,1.3,Thaddeus Young,74,30.2,11.0,1.6,6.1,1.5,0.4,1.3,Monta Ellis,74,27.0,8.5,3.2,2.8,1.1,0.4,1.8
LA Clippers,2016-17,51,Blake Griffin,61,34.0,21.6,4.9,8.1,0.9,0.4,2.3,DeAndre Jordan,81,31.7,12.7,1.2,13.8,0.6,1.7,1.4,Chris Paul,61,31.5,18.1,9.2,5.0,2.0,0.1,2.4,JJ Redick,78,28.2,15.0,1.4,2.2,0.7,0.2,1.3,Austin Rivers,74,27.8,12.0,2.8,2.2,0.6,0.1,1.6
Los Angeles Lakers,2016-17,26,Jordan Clarkson,82,29.2,14.7,2.6,3.0,1.1,0.1,2.0,Brandon Ingram,79,28.9,9.4,2.1,4.0,0.6,0.5,1.5,Julius Randle,74,28.8,13.2,3.6,8.6,0.7,0.5,2.3,D'Angelo Russell,63,28.7,15.6,4.8,3.5,1.4,0.3,2.8,Luol Deng,56,26.5,7.6,1.3,5.3,0.9,0.4,0.8
Memphis Grizzlies,2016-17,43,Marc Gasol,74,34.2,19.5,4.6,6.3,0.9,1.3,2.2,Mike Conley,69,33.2,20.5,6.3,3.5,1.3,0.3,2.3,JaMychal Green,77,27.3,8.9,1.1,7.1,0.6,0.4,1.2,Tony Allen,71,27.0,9.1,1.4,5.5,1.6,0.4,1.4,Vince Carter,73,24.7,8.0,1.8,3.1,0.8,0.5,0.7
Miami Heat,2016-17,41,Justise Winslow,18,34.7,10.9,3.7,5.2,1.4,0.3,1.8,Goran Dragic,73,33.7,20.3,5.8,3.8,1.2,0.2,2.9,Hassan Whiteside,77,32.6,17.0,0.7,14.1,0.7,2.1,2.0,Josh Richardson,53,30.5,10.2,2.6,3.2,1.1,0.7,1.2,Dion Waiters,46,30.1,15.8,4.3,3.3,0.9,0.4,2.2
Milwaukee Bucks,2016-17,42,Giannis Antetokounmpo,80,35.6,22.9,5.4,8.8,1.6,1.9,2.9,Jabari Parker,51,33.9,20.1,2.8,6.2,1.0,0.4,1.8,Khris Middleton,29,30.7,14.7,3.4,4.2,1.4,0.2,2.2,Tony Snell,80,29.2,8.5,1.2,3.1,0.7,0.2,0.7,Malcolm Brogdon,75,26.4,10.2,4.2,2.8,1.1,0.2,1.5
Minnesota Timberwolves,2016-17,31,Andrew Wiggins,82,37.2,23.6,2.3,4.0,1.0,0.4,2.3,Zach LaVine,47,37.2,18.9,3.0,3.4,0.9,0.2,1.8,Karl-Anthony Towns,82,37.0,25.1,2.7,12.3,0.7,1.3,2.6,Ricky Rubio,75,32.9,11.1,9.1,4.1,1.7,0.1,2.6,Gorgui Dieng,82,32.4,10.0,1.9,7.9,1.1,1.2,1.3
New Orleans Pelicans,2016-17,34,Anthony Davis,75,36.1,28.0,2.1,11.8,1.3,2.2,2.4,DeMarcus Cousins,72,34.2,27.0,4.6,11.0,1.4,1.3,3.7,Jrue Holiday,67,32.7,15.4,7.3,3.9,1.5,0.7,2.9,Solomon Hill,80,29.7,7.0,1.8,3.8,0.9,0.4,1.0,Dante Cunningham,66,25.0,6.6,0.6,4.2,0.6,0.4,0.4
New York Knicks,2016-17,31,Carmelo Anthony,74,34.3,22.4,2.9,5.9,0.8,0.5,2.1,Kristaps Porziņģis,66,32.8,18.1,1.5,7.2,0.7,2.0,1.8,Derrick Rose,64,32.5,18.0,4.4,3.8,0.7,0.3,2.3,Courtney Lee,77,31.9,10.8,2.3,3.4,1.1,0.3,0.9,Joakim Noah,46,22.1,5.0,2.2,8.8,0.7,0.8,1.3
Oklahoma City Thunder,2016-17,47,Russell Westbrook,81,34.6,31.6,10.4,10.7,1.6,0.4,5.4,Victor Oladipo,67,33.2,15.9,2.6,4.3,1.2,0.3,1.8,Andre Roberson,79,30.1,6.6,1.0,5.1,1.2,1.0,0.6,Steven Adams,80,29.9,11.3,1.1,7.7,1.1,1.0,1.8,Taj Gibson,78,25.5,10.8,0.9,6.2,0.5,0.8,1.3
Orlando Magic,2016-17,29,Evan Fournier,68,32.8,17.2,3.0,3.1,1.0,0.1,2.1,Elfrid Payton,82,29.4,12.8,6.5,4.7,1.1,0.5,2.2,Nikola Vučević,75,28.8,14.6,2.8,10.4,1.0,1.0,1.6,Aaron Gordon,80,28.7,12.7,1.9,5.1,0.8,0.5,1.1,Terrence Ross,78,25.1,11.0,1.1,2.6,1.1,0.4,0.9
Philadelphia 76ers,2016-17,28,Robert Covington,67,31.6,12.9,1.5,6.5,1.9,1.0,2.0,Nik Stauskas,80,27.3,9.5,2.4,2.8,0.6,0.4,1.6,Dario Šarić,81,26.3,12.8,2.2,6.3,0.7,0.4,2.3,T.J. McConnell,81,26.3,6.9,6.6,3.1,1.7,0.1,2.0,Alex Poythress,6,26.1,10.7,0.8,4.8,0.5,0.3,0.5
Phoenix Suns,2016-17,24,Devin Booker,78,35.0,22.1,3.4,3.2,0.9,0.3,3.1,Eric Bledsoe,66,33.0,21.1,6.3,4.8,1.4,0.5,3.4,T.J. Warren,66,31.0,14.4,1.1,5.1,1.2,0.6,0.9,Tyson Chandler,47,27.6,8.4,0.6,11.5,0.7,0.5,1.4,Marquese Chriss,82,21.3,9.2,0.7,4.2,0.8,0.9,1.3
Portland Trail Blazers,2016-17,41,Damian Lillard,75,35.9,27.0,5.9,4.9,0.9,0.3,2.6,CJ McCollum,80,34.9,23.0,3.6,3.6,0.9,0.5,2.2,Al-Farouq Aminu,61,29.1,8.7,1.6,7.4,1.0,0.7,1.5,Maurice Harkless,77,28.9,10.0,1.1,4.4,1.1,0.9,1.1,Allen Crabbe,79,28.5,10.7,1.2,2.9,0.7,0.3,0.8
Sacramento Kings,2016-17,32,Rudy Gay,30,33.8,18.7,2.8,6.3,1.5,0.9,2.5,Darren Collison,68,30.3,13.2,4.6,2.2,1.0,0.1,1.7,Garrett Temple,65,26.6,7.8,2.6,2.8,1.3,0.4,1.2,Arron Afflalo,61,25.9,8.4,1.3,2.0,0.3,0.1,0.7,Ty Lawson,69,25.1,9.9,4.8,2.6,1.1,0.1,1.9
San Antonio Spurs,2016-17,61,Kawhi Leonard,74,33.4,25.5,3.5,5.8,1.8,0.7,2.1,LaMarcus Aldridge,72,32.4,17.3,1.9,7.3,0.6,1.2,1.4,Danny Green,68,26.6,7.3,1.8,3.3,1.0,0.8,1.1,Pau Gasol,64,25.4,12.4,2.3,7.8,0.4,1.1,1.3,Tony Parker,63,25.2,10.1,4.5,1.8,0.5,0.0,1.4
Toronto Raptors,2016-17,51,Kyle Lowry,60,37.4,22.4,7.0,4.8,1.5,0.3,2.9,DeMar DeRozan,74,35.4,27.3,3.9,5.2,1.1,0.2,2.4,Serge Ibaka,79,30.7,14.8,0.9,6.8,0.5,1.6,1.3,P.J. Tucker,81,27.6,6.7,1.2,5.8,1.4,0.2,0.8,DeMarre Carroll,72,26.1,8.9,1.0,3.8,1.1,0.4,0.8
Utah Jazz,2016-17,51,Gordon Hayward,73,34.5,21.9,3.5,5.4,1.0,0.3,1.9,Rudy Gobert,81,33.9,14.0,1.2,12.8,0.6,2.6,1.8,George Hill,49,31.5,16.9,4.2,3.4,1.0,0.2,1.7,Rodney Hood,59,27.0,12.7,1.6,3.4,0.6,0.2,1.1,Joe Ingles,82,24.1,7.1,2.7,3.2,1.2,0.1,1.3
Washington Wizards,2016-17,49,John Wall,78,36.4,23.1,10.7,4.2,2.0,0.6,4.1,Bradley Beal,77,34.9,23.1,3.5,3.1,1.1,0.3,2.0,Otto Porter Jr.,80,32.6,13.4,1.5,6.4,1.5,0.5,0.6,Markieff Morris,76,31.2,14.0,1.7,6.5,1.1,0.6,1.7,Marcin Gortat,82,31.2,10.8,1.5,10.4,0.5,0.7,1.5
Atlanta Hawks,2017-18,24,Dennis Schröder,67,31.0,19.4,6.2,3.1,1.1,0.1,2.7,Taurean Prince,82,30.0,14.1,2.6,4.7,1.0,0.5,2.3,Kent Bazemore,65,27.5,12.9,3.5,3.8,1.5,0.7,2.4,Damion Lee,15,27.0,10.7,1.9,4.7,1.3,0.1,0.9,Dewayne Dedmon,62,24.9,10.0,1.5,7.9,0.6,0.8,1.4
Boston Celtics,2017-18,55,Kyrie Irving,60,32.2,24.4,5.1,3.8,1.1,0.3,2.3,Al Horford,72,31.6,12.9,4.7,7.4,0.6,1.1,1.8,Jaylen Brown,70,30.7,14.5,1.6,4.9,1.0,0.4,1.8,Jayson Tatum,80,30.5,13.9,1.6,5.0,1.0,0.7,1.4,Marcus Smart,54,29.9,10.2,4.8,3.5,1.3,0.4,2.4
Brooklyn Nets,2017-18,28,DeMarre Carroll,73,29.9,13.5,2.0,6.6,0.8,0.4,1.4,Allen Crabbe,75,29.3,13.2,1.6,4.3,0.6,0.5,1.0,Spencer Dinwiddie,80,28.8,12.6,6.6,3.2,0.9,0.3,1.6,Rondae Hollis-Jefferson,68,28.2,13.9,2.5,6.8,1.0,0.7,1.8,Caris LeVert,71,26.2,12.1,4.2,3.7,1.2,0.3,2.2
Charlotte Hornets,2017-18,36,Kemba Walker,80,34.2,22.1,5.6,3.1,1.1,0.3,2.2,Nicolas Batum,64,31.0,11.6,5.5,4.8,1.0,0.4,2.0,Dwight Howard,81,30.4,16.6,1.3,12.5,0.6,1.6,2.6,Marvin Williams,78,25.7,9.5,1.2,4.7,0.7,0.5,0.8,Michael Kidd-Gilchrist,74,25.0,9.2,1.0,4.1,0.7,0.4,0.7
Chicago Bulls,2017-18,27,Justin Holiday,72,31.5,12.2,2.1,4.0,1.1,0.4,1.3,Lauri Markkanen,68,29.7,15.2,1.2,7.5,0.6,0.6,1.2,Kris Dunn,52,29.3,13.4,6.0,4.3,2.0,0.5,2.9,Zach LaVine,24,27.3,16.7,3.0,3.9,1.0,0.2,1.8,Denzel Valentine,77,27.2,10.2,3.2,5.1,0.8,0.1,1.3
Cleveland Cavaliers,2017-18,50,LeBron James,82,36.9,27.5,9.1,8.6,1.4,0.9,4.2,JR Smith,80,28.1,8.3,1.8,2.9,0.9,0.1,1.0,Kevin Love,59,28.0,17.6,1.7,9.3,0.7,0.4,1.5,George Hill,67,27.0,10.0,2.8,2.7,0.9,0.4,1.3,Rodney Hood,60,26.9,14.7,1.6,2.8,0.8,0.2,1.2
Dallas Mavericks,2017-18,24,Harrison Barnes,77,34.2,18.9,2.0,6.1,0.6,0.2,1.5,Wesley Matthews,63,33.8,12.7,2.7,3.1,1.2,0.3,1.3,Dennis Smith Jr.,69,29.7,15.2,5.2,3.8,1.0,0.3,2.8,Yogi Ferrell,82,27.8,10.2,2.5,3.0,0.8,0.1,1.0,Aaron Harrison,9,25.9,6.7,1.2,2.7,1.0,0.2,0.3
Denver Nuggets,2017-18,46,Gary Harris,67,34.4,17.5,2.9,2.6,1.8,0.2,1.8,Will Barton,81,33.1,15.7,4.1,5.0,1.0,0.6,1.8,Nikola Jokić,75,32.6,18.5,6.1,10.7,1.2,0.8,2.8,Wilson Chandler,74,31.7,10.0,2.1,5.4,0.6,0.5,1.2,Jamal Murray,81,31.7,16.7,3.4,3.7,1.0,0.3,2.1
Detroit Pistons,2017-18,39,Blake Griffin,58,34.0,21.4,5.8,7.4,0.7,0.3,2.8,Andre Drummond,78,33.7,15.0,3.0,16.0,1.5,1.6,2.6,Reggie Bullock Jr.,62,27.9,11.3,1.5,2.5,0.8,0.2,0.8,Stanley Johnson,69,27.4,8.7,1.6,3.7,1.4,0.2,1.1,Reggie Jackson,45,26.7,14.6,5.3,2.8,0.6,0.1,2.2
Golden State Warriors,2017-18,58,Klay Thompson,73,34.3,20.0,2.5,3.8,0.8,0.5,1.8,Kevin Durant,68,34.2,26.4,5.4,6.8,0.7,1.8,3.0,Draymond Green,70,32.7,11.0,7.3,7.6,1.4,1.3,2.9,Stephen Curry,51,32.0,26.4,6.1,5.1,1.6,0.2,3.0,Andre Iguodala,64,25.4,6.0,3.3,3.8,0.8,0.6,1.0
Houston Rockets,2017-18,65,James Harden,72,35.4,30.4,8.8,5.4,1.8,0.7,4.4,Aaron Jackson,1,34.5,8.0,1.0,3.0,0.0,0.0,1.0,Trevor Ariza,67,33.9,11.7,1.6,4.4,1.5,0.2,0.8,Chris Paul,58,31.8,18.6,7.9,5.4,1.7,0.2,2.2,Eric Gordon,69,31.2,18.0,2.2,2.5,0.6,0.4,1.9
Indiana Pacers,2017-18,48,Victor Oladipo,75,34.0,23.1,4.3,5.2,2.4,0.8,2.9,Thaddeus Young,81,32.2,11.8,1.9,6.3,1.7,0.4,1.3,Bojan Bogdanovic,80,30.8,14.3,1.5,3.4,0.7,0.1,1.3,Darren Collison,69,29.3,12.4,5.3,2.6,1.3,0.2,1.2,Myles Turner,65,28.2,12.7,1.3,6.4,0.6,1.8,1.5
LA Clippers,2017-18,42,Austin Rivers,61,33.7,15.1,4.0,2.4,1.2,0.3,1.8,Tobias Harris,80,33.3,18.6,2.4,5.5,0.9,0.4,1.3,Lou Williams,79,32.8,22.6,5.3,2.5,1.1,0.2,3.0,Danilo Gallinari,21,32.0,15.3,2.0,4.8,0.6,0.5,1.2,DeAndre Jordan,77,31.5,12.0,1.5,15.2,0.5,0.9,1.8
Los Angeles Lakers,2017-18,35,Lonzo Ball,52,34.2,10.2,7.2,6.9,1.7,0.8,2.6,Brandon Ingram,59,33.5,16.1,3.9,5.3,0.8,0.7,2.5,Kentavious Caldwell-Pope,74,33.2,13.4,2.2,5.2,1.4,0.2,1.3,Andre Ingram,2,32.1,12.0,3.5,3.0,1.5,1.5,1.5,Kyle Kuzma,77,31.2,16.1,1.8,6.3,0.6,0.4,1.8
Memphis Grizzlies,2017-18,22,Marc Gasol,73,33.0,17.2,4.2,8.1,0.7,1.4,2.7,Mike Conley,12,31.1,17.1,4.1,2.3,1.0,0.3,1.5,Tyreke Evans,52,30.9,19.4,5.2,5.1,1.1,0.3,2.3,Dillon Brooks,82,28.7,11.0,1.6,3.1,0.9,0.2,1.5,JaMychal Green,55,28.0,10.3,1.4,8.4,0.6,0.5,1.4
Miami Heat,2017-18,44,Josh Richardson,81,33.2,12.9,2.9,3.5,1.5,0.9,1.7,Goran Dragic,75,31.7,17.3,4.8,4.1,0.8,0.2,2.2,Dion Waiters,30,30.6,14.3,3.8,2.6,0.8,0.3,2.3,Tyler Johnson,72,28.5,11.7,2.3,3.4,0.8,0.5,1.1,James Johnson,73,26.6,10.8,3.8,4.9,1.0,0.7,1.9
Milwaukee Bucks,2017-18,44,Giannis Antetokounmpo,75,36.7,26.9,4.8,10.0,1.5,1.4,3.0,Khris Middleton,82,36.4,20.1,4.0,5.2,1.5,0.3,2.3,Eric Bledsoe,74,31.4,17.7,5.0,3.8,2.0,0.6,2.9,Malcolm Brogdon,48,29.9,13.0,3.2,3.3,0.9,0.3,1.4,Tony Snell,75,27.4,6.9,1.3,1.9,0.6,0.4,0.5
Minnesota Timberwolves,2017-18,47,Jimmy Butler III,59,36.7,22.2,4.9,5.3,2.0,0.4,1.8,Andrew Wiggins,82,36.3,17.7,2.0,4.4,1.1,0.6,1.7,Karl-Anthony Towns,82,35.6,21.3,2.4,12.3,0.8,1.4,1.9,Taj Gibson,82,33.2,12.2,1.2,7.1,0.8,0.7,1.1,Jeff Teague,70,33.0,14.2,7.0,3.0,1.5,0.3,2.5
New Orleans Pelicans,2017-18,48,Anthony Davis,75,36.4,28.1,2.3,11.1,1.5,2.6,2.2,DeMarcus Cousins,48,36.2,25.2,5.4,12.9,1.6,1.6,5.0,Jrue Holiday,81,36.1,19.0,6.0,4.5,1.5,0.8,2.6,E'Twaun Moore,82,31.5,12.5,2.3,2.9,1.0,0.1,1.2,Nikola Mirotic,55,27.2,15.6,1.5,7.4,0.8,0.7,1.1
New York Knicks,2017-18,29,Tim Hardaway Jr.,57,33.1,17.5,2.7,3.9,1.1,0.2,1.6,Kristaps Porziņģis,48,32.4,22.7,1.2,6.6,0.8,2.4,1.9,Courtney Lee,76,30.4,12.0,2.4,2.9,1.1,0.2,1.1,Enes Freedom,71,25.8,14.1,1.5,11.0,0.5,0.5,1.7,Jarrett Jack,62,25.0,7.5,5.6,3.1,0.6,0.1,1.9
Oklahoma City Thunder,2017-18,48,Paul George,79,36.6,21.9,3.3,5.7,2.0,0.5,2.7,Russell Westbrook,80,36.4,25.4,10.3,10.1,1.8,0.3,4.8,Steven Adams,76,32.7,13.9,1.2,9.0,1.2,1.0,1.7,Carmelo Anthony,78,32.1,16.2,1.3,5.8,0.6,0.6,1.3,Andre Roberson,39,26.6,5.0,1.2,4.7,1.2,0.9,0.8
Orlando Magic,2017-18,25,Aaron Gordon,58,32.9,17.6,2.3,7.9,1.0,0.8,1.8,Evan Fournier,57,32.2,17.8,2.9,3.2,0.8,0.3,1.7,Nikola Vučević,57,29.5,16.5,3.4,9.2,1.0,1.1,1.9,Jonathon Simmons,69,29.4,13.9,2.5,3.5,0.8,0.2,2.1,Terrence Ross,24,25.0,8.7,1.6,3.0,1.1,0.5,1.2
Philadelphia 76ers,2017-18,52,Ben Simmons,81,33.7,15.8,8.2,8.1,1.7,0.9,3.4,Robert Covington,80,31.6,12.6,2.0,5.4,1.7,0.9,1.6,Joel Embiid,63,30.4,22.9,3.2,11.0,0.6,1.8,3.7,JJ Redick,70,30.2,17.1,3.0,2.5,0.5,0.1,1.5,Dario Šarić,78,29.6,14.6,2.6,6.7,0.7,0.3,1.9
Phoenix Suns,2017-18,21,Devin Booker,54,34.5,24.9,4.7,4.5,0.9,0.3,3.6,T.J. Warren,65,33.0,19.6,1.3,5.1,1.0,0.6,1.3,Elfrid Payton,63,28.7,12.7,6.2,4.3,1.3,0.3,2.7,Josh Jackson,77,25.4,13.1,1.5,4.6,1.0,0.5,1.9,Dragan Bender,82,25.2,6.5,1.6,4.4,0.3,0.6,1.4
Portland Trail Blazers,2017-18,49,Damian Lillard,73,36.6,26.9,6.6,4.5,1.1,0.4,2.8,CJ McCollum,81,36.1,21.4,3.4,4.0,1.0,0.4,1.9,Al-Farouq Aminu,69,30.0,9.3,1.2,7.6,1.1,0.6,1.1,Jusuf Nurkić,79,26.4,14.3,1.8,9.0,0.8,1.4,2.3,Evan Turner,79,25.7,8.2,2.2,3.1,0.6,0.4,1.3
Sacramento Kings,2017-18,27,Willie Cauley-Stein,73,28.0,12.8,2.4,7.0,1.1,0.9,1.5,Bogdan Bogdanović,78,27.9,11.8,3.3,2.9,0.9,0.2,1.6,De'Aaron Fox,73,27.7,11.6,4.4,2.8,1.0,0.3,2.4,Zach Randolph,59,25.6,14.5,2.2,6.7,0.7,0.2,2.0,Buddy Hield,80,25.3,13.5,1.9,3.8,1.1,0.3,1.6
San Antonio Spurs,2017-18,47,LaMarcus Aldridge,75,33.4,23.1,2.0,8.5,0.6,1.2,1.5,Kyle Anderson,74,26.7,7.9,2.7,5.4,1.6,0.8,1.3,Patty Mills,82,25.7,10.0,2.8,1.9,0.7,0.1,1.3,Danny Green,70,25.6,8.6,1.6,3.6,0.9,1.1,1.1,Pau Gasol,77,23.5,10.1,3.1,8.0,0.3,1.0,1.4
Toronto Raptors,2017-18,59,DeMar DeRozan,80,33.9,23.0,5.2,3.9,1.1,0.3,2.2,Kyle Lowry,78,32.2,16.2,6.9,5.6,1.1,0.2,2.3,Serge Ibaka,76,27.5,12.6,0.8,6.3,0.4,1.3,1.2,Jonas Valančiūnas,77,22.4,12.7,1.1,8.6,0.4,0.9,1.5,Delon Wright,69,20.8,8.0,2.9,2.9,1.0,0.5,1.1
Utah Jazz,2017-18,48,Donovan Mitchell,79,33.4,20.5,3.7,3.7,1.5,0.3,2.7,Rudy Gobert,56,32.4,13.5,1.4,10.7,0.8,2.3,1.9,Joe Ingles,82,31.4,11.5,4.8,4.2,1.1,0.2,1.9,Ricky Rubio,77,29.3,13.1,5.3,4.6,1.6,0.1,2.7,Derrick Favors,77,28.0,12.3,1.3,7.2,0.7,1.1,1.1
Washington Wizards,2017-18,43,Bradley Beal,82,36.3,22.6,4.5,4.4,1.2,0.4,2.6,John Wall,41,34.4,19.4,9.6,3.7,1.4,1.1,3.9,Otto Porter Jr.,77,31.6,14.7,2.0,6.4,1.5,0.5,1.0,Kelly Oubre Jr.,81,27.5,11.8,1.2,4.5,1.0,0.4,1.1,Markieff Morris,73,27.0,11.5,1.9,5.6,0.8,0.5,1.7
Atlanta Hawks,2018-19,29,Trae Young,81,30.9,19.1,8.1,3.7,0.9,0.2,3.8,John Collins,61,30.0,19.5,2.0,9.8,0.4,0.6,2.0,Taurean Prince,55,28.2,13.5,2.1,3.6,1.0,0.3,1.8,Kevin Huerter,75,27.3,9.7,2.9,3.3,0.9,0.3,1.5,Dewayne Dedmon,64,25.1,10.8,1.4,7.5,1.1,1.1,1.3
Boston Celtics,2018-19,49,Kyrie Irving,67,33.0,23.8,6.9,5.0,1.5,0.5,2.6,Jayson Tatum,79,31.1,15.7,2.1,6.0,1.1,0.7,1.5,Al Horford,68,29.0,13.6,4.2,6.7,0.9,1.3,1.5,Marcus Morris Sr.,75,27.9,13.9,1.5,6.1,0.6,0.3,1.2,Marcus Smart,80,27.5,8.9,4.0,2.9,1.8,0.4,1.5
Brooklyn Nets,2018-19,42,D'Angelo Russell,81,30.2,21.1,7.0,3.9,1.2,0.2,3.1,Joe Harris,76,30.2,13.7,2.4,3.8,0.5,0.2,1.6,Spencer Dinwiddie,68,28.1,16.8,4.6,2.4,0.6,0.3,2.2,Caris LeVert,40,26.6,13.7,3.9,3.8,1.1,0.4,1.7,Allen Crabbe,43,26.4,9.6,1.1,3.4,0.5,0.3,1.1
Charlotte Hornets,2018-19,39,Kemba Walker,82,34.9,25.6,5.9,4.4,1.2,0.4,2.6,Nicolas Batum,75,31.4,9.3,3.3,5.2,0.9,0.6,1.6,Jeremy Lamb,79,28.5,15.3,2.2,5.5,1.1,0.4,1.0,Marvin Williams,75,28.4,10.1,1.2,5.4,0.9,0.8,0.6,Cody Zeller,49,25.4,10.1,2.1,6.8,0.8,0.8,1.3
Chicago Bulls,2018-19,22,Zach LaVine,63,34.5,23.7,4.5,4.7,1.0,0.4,3.4,Lauri Markkanen,52,32.3,18.7,1.4,9.0,0.7,0.6,1.6,JaKarr Sampson,4,31.8,20.0,1.0,8.0,1.0,0.8,1.0,Kris Dunn,46,30.2,11.3,6.0,4.1,1.5,0.5,2.3,Otto Porter Jr.,56,30.1,13.9,2.1,5.6,1.5,0.6,1.2
Cleveland Cavaliers,2018-19,19,Cedi Osman,76,32.2,13.0,2.6,4.7,0.8,0.1,1.5,Collin Sexton,82,31.8,16.7,3.0,2.9,0.5,0.1,2.3,Tristan Thompson,43,27.9,10.9,2.0,10.2,0.7,0.4,1.4,Jordan Clarkson,81,27.3,16.8,2.4,3.3,0.7,0.2,1.7,Kevin Love,22,27.2,17.0,2.2,10.9,0.3,0.2,1.9
Dallas Mavericks,2018-19,33,Luka Dončić,72,32.2,21.2,6.0,7.8,1.1,0.3,3.4,Tim Hardaway Jr.,65,31.6,18.1,2.4,3.4,0.8,0.1,1.6,Dorian Finney-Smith,81,24.5,7.5,1.2,4.8,0.9,0.4,0.9,Jalen Brunson,73,21.8,9.3,3.2,2.3,0.5,0.1,1.2,Dwight Powell,77,21.6,10.6,1.5,5.3,0.6,0.6,0.9
Denver Nuggets,2018-19,54,Jamal Murray,75,32.6,18.2,4.8,4.2,0.9,0.4,2.1,Nikola Jokić,80,31.3,20.1,7.3,10.8,1.4,0.7,3.1,Gary Harris,57,28.8,12.9,2.2,2.8,1.0,0.3,1.2,Will Barton,43,27.7,11.5,2.9,4.6,0.4,0.5,1.5,Paul Millsap,70,27.1,12.6,2.0,7.2,1.2,0.8,1.4
Detroit Pistons,2018-19,41,Blake Griffin,75,35.0,24.5,5.4,7.5,0.7,0.4,3.4,Andre Drummond,79,33.5,17.3,1.4,15.6,1.7,1.7,2.2,Reggie Jackson,82,27.9,15.4,4.2,2.6,0.7,0.1,1.8,Wayne Ellington,53,24.5,10.3,1.4,2.0,1.0,0.1,0.8,Luke Kennard,63,22.8,9.7,1.8,2.9,0.4,0.2,0.9
Golden State Warriors,2018-19,57,Kevin Durant,78,34.6,26.0,5.9,6.4,0.7,1.1,2.9,Klay Thompson,78,34.0,21.5,2.4,3.8,1.1,0.6,1.5,Stephen Curry,69,33.8,27.3,5.2,5.3,1.3,0.4,2.8,Draymond Green,66,31.3,7.4,6.9,7.3,1.4,1.1,2.6,DeMarcus Cousins,30,25.7,16.3,3.6,8.2,1.3,1.5,2.4
Houston Rockets,2018-19,53,James Harden,78,36.8,36.1,7.5,6.6,2.0,0.7,5.0,P.J. Tucker,82,34.2,7.3,1.2,5.8,1.6,0.5,0.8,Clint Capela,67,33.6,16.6,1.4,12.7,0.7,1.5,1.4,Chris Paul,58,32.0,15.6,8.2,4.6,2.0,0.3,2.6,Eric Gordon,68,31.7,16.2,1.9,2.2,0.6,0.4,1.3
Indiana Pacers,2018-19,48,Victor Oladipo,36,31.9,18.8,5.2,5.6,1.7,0.3,2.3,Bojan Bogdanovic,81,31.8,18.0,2.0,4.1,0.9,0.0,1.7,Thaddeus Young,81,30.7,12.6,2.5,6.5,1.5,0.4,1.5,Wesley Matthews,69,30.3,12.2,2.3,2.5,0.8,0.2,1.3,Myles Turner,74,28.6,13.3,1.6,7.2,0.8,2.7,1.4
LA Clippers,2018-19,48,Danilo Gallinari,68,30.3,19.8,2.6,6.1,0.7,0.3,1.5,Patrick Beverley,78,27.4,7.6,3.8,5.0,0.9,0.6,1.1,Garrett Temple,75,27.2,7.8,1.4,2.9,1.0,0.4,0.9,Lou Williams,75,26.6,20.0,5.4,3.0,0.8,0.1,2.4,Shai Gilgeous-Alexander,82,26.5,10.8,3.3,2.8,1.2,0.5,1.7
Los Angeles Lakers,2018-19,37,LeBron James,55,35.2,27.4,8.3,8.5,1.3,0.6,3.6,Brandon Ingram,52,33.9,18.3,3.0,5.1,0.5,0.6,2.5,Kyle Kuzma,70,33.1,18.7,2.5,5.5,0.6,0.4,1.9,Lonzo Ball,47,30.3,9.9,5.4,5.3,1.5,0.4,2.2,Reggie Bullock Jr.,63,29.8,11.3,2.0,2.7,0.6,0.2,1.0
Memphis Grizzlies,2018-19,33,Mike Conley,70,33.5,21.1,6.4,3.4,1.3,0.3,1.9,Justin Holiday,82,31.8,10.5,1.8,3.9,1.5,0.4,1.3,Avery Bradley,63,30.2,9.9,2.4,2.8,0.7,0.3,1.4,Kyle Anderson,43,29.8,8.0,3.0,5.8,1.3,0.9,1.3,Jaren Jackson Jr.,58,26.1,13.8,1.1,4.7,0.9,1.4,1.7
Miami Heat,2018-19,39,Josh Richardson,73,34.8,16.6,4.1,3.6,1.1,0.5,1.5,Justise Winslow,66,29.7,12.6,4.3,5.4,1.1,0.3,2.2,Goran Dragic,36,27.5,13.7,4.8,3.1,0.8,0.1,2.0,Dwyane Wade,72,26.2,15.0,4.2,4.0,0.8,0.5,2.3,Dion Waiters,44,25.9,12.0,2.8,2.6,0.7,0.2,1.5
Milwaukee Bucks,2018-19,60,Giannis Antetokounmpo,72,32.8,27.7,5.9,12.5,1.3,1.5,3.7,Khris Middleton,77,31.1,18.3,4.3,6.0,1.0,0.1,2.3,Eric Bledsoe,78,29.1,15.9,5.5,4.6,1.5,0.4,2.1,Brook Lopez,81,28.7,12.5,1.2,4.9,0.6,2.2,1.0,Malcolm Brogdon,64,28.6,15.6,3.2,4.5,0.7,0.2,1.4
Minnesota Timberwolves,2018-19,36,Andrew Wiggins,73,34.8,18.1,2.5,4.8,1.0,0.7,1.9,Robert Covington,35,34.4,13.3,1.3,5.5,2.1,1.3,1.3,Karl-Anthony Towns,77,33.0,24.4,3.4,12.4,0.9,1.6,3.1,Jeff Teague,42,30.1,12.1,8.2,2.5,1.0,0.4,2.3,Derrick Rose,51,27.3,18.0,4.3,2.7,0.6,0.2,1.6
New Orleans Pelicans,2018-19,33,Jrue Holiday,67,35.8,21.2,7.7,5.0,1.6,0.8,3.1,Anthony Davis,56,33.0,25.9,3.9,12.0,1.6,2.4,2.0,Julius Randle,73,30.6,21.4,3.1,8.7,0.7,0.6,2.8,Elfrid Payton,42,29.8,10.6,7.6,5.2,1.0,0.4,2.7,E'Twaun Moore,53,27.6,11.9,1.9,2.4,0.8,0.2,1.1
New York Knicks,2018-19,17,DeAndre Jordan,69,29.7,11.0,2.3,13.1,0.6,1.1,2.2,Kevin Knox II,75,28.8,12.8,1.1,4.5,0.6,0.3,1.5,Dennis Smith Jr.,53,28.5,13.6,4.8,2.9,1.3,0.4,2.9,Damyean Dotson,73,27.4,10.7,1.8,3.6,0.8,0.1,1.0,Emmanuel Mudiay,59,27.2,14.8,3.9,3.3,0.7,0.3,2.4
Oklahoma City Thunder,2018-19,49,Paul George,77,36.9,28.0,4.1,8.2,2.2,0.4,2.7,Russell Westbrook,73,36.0,22.9,10.7,11.1,1.9,0.5,4.5,Steven Adams,80,33.4,13.9,1.6,9.5,1.5,1.0,1.7,Jerami Grant,80,32.7,13.6,1.0,5.2,0.8,1.3,0.8,Dennis Schröder,79,29.3,15.5,4.1,3.6,0.8,0.2,2.2
Orlando Magic,2018-19,42,Aaron Gordon,78,33.8,16.0,3.7,7.4,0.7,0.7,2.1,Evan Fournier,81,31.5,15.1,3.6,3.2,0.9,0.1,1.9,Nikola Vučević,80,31.4,20.8,3.8,12.0,1.0,1.1,2.0,D.J. Augustin,81,28.0,11.7,5.3,2.5,0.6,0.0,1.6,Jonathan Isaac,75,26.6,9.6,1.1,5.5,0.8,1.3,1.0
Philadelphia 76ers,2018-19,51,Tobias Harris,82,34.7,20.0,2.8,7.9,0.6,0.5,1.8,Ben Simmons,79,34.2,16.9,7.7,8.8,1.4,0.8,3.5,Joel Embiid,64,33.7,27.5,3.7,13.6,0.7,1.9,3.5,Jimmy Butler III,65,33.6,18.7,4.0,5.3,1.9,0.6,1.5,JJ Redick,76,31.3,18.1,2.7,2.4,0.4,0.2,1.3
Phoenix Suns,2018-19,19,Devin Booker,64,35.0,26.6,6.8,4.1,0.9,0.2,4.1,T.J. Warren,43,31.6,18.0,1.5,4.0,1.2,0.7,1.2,Deandre Ayton,71,30.7,16.3,1.8,10.3,0.9,0.9,1.8,Mikal Bridges,82,29.5,8.3,2.1,3.2,1.6,0.5,0.9,Kelly Oubre Jr.,69,28.0,15.2,1.2,4.7,1.2,0.9,1.5
Portland Trail Blazers,2018-19,53,Damian Lillard,80,35.5,25.8,6.9,4.6,1.1,0.4,2.7,CJ McCollum,70,33.9,21.0,3.0,4.0,0.8,0.4,1.5,Al-Farouq Aminu,81,28.3,9.4,1.3,7.5,0.8,0.4,0.9,Jusuf Nurkić,72,27.4,15.6,3.2,10.4,1.0,1.4,2.3,Rodney Hood,72,26.3,11.2,1.8,2.2,0.8,0.2,0.8
Sacramento Kings,2018-19,39,Harrison Barnes,77,32.9,16.4,1.5,4.7,0.6,0.2,1.3,Buddy Hield,82,31.9,20.7,2.5,5.0,0.7,0.4,1.8,De'Aaron Fox,81,31.4,17.3,7.3,3.8,1.6,0.6,2.8,Bogdan Bogdanović,70,27.8,14.1,3.8,3.5,1.0,0.2,1.7,Willie Cauley-Stein,81,27.3,11.9,2.4,8.4,1.2,0.6,1.0
San Antonio Spurs,2018-19,48,DeMar DeRozan,77,34.9,21.2,6.2,6.0,1.1,0.5,2.6,LaMarcus Aldridge,81,33.2,21.3,2.4,9.2,0.5,1.3,1.8,Bryn Forbes,82,28.0,11.8,2.1,2.9,0.5,0.0,1.0,Rudy Gay,69,26.7,13.7,2.6,6.8,0.8,0.5,1.7,Derrick White,67,25.8,9.9,3.9,3.7,1.0,0.7,1.4
Toronto Raptors,2018-19,58,Kyle Lowry,65,34.1,14.2,8.7,4.8,1.4,0.5,2.8,Kawhi Leonard,60,34.0,26.6,3.3,7.3,1.8,0.4,2.0,Pascal Siakam,80,31.8,16.9,3.1,6.9,0.9,0.7,1.9,Marc Gasol,79,30.8,13.6,4.4,7.9,1.1,1.1,2.0,Danny Green,80,27.7,10.3,1.6,4.0,0.9,0.7,0.9
Utah Jazz,2018-19,50,Donovan Mitchell,77,33.7,23.8,4.2,4.1,1.4,0.4,2.8,Rudy Gobert,81,31.8,15.9,2.0,12.9,0.8,2.3,1.6,Joe Ingles,82,31.3,12.1,5.7,4.0,1.2,0.2,2.4,Ricky Rubio,68,27.9,12.7,6.1,3.6,1.3,0.1,2.6,Jae Crowder,80,27.1,11.9,1.7,4.8,0.8,0.4,1.1
Washington Wizards,2018-19,32,Bradley Beal,82,36.9,25.6,5.5,5.0,1.5,0.7,2.7,John Wall,32,34.5,20.7,8.7,3.6,1.5,0.9,3.8,Trevor Ariza,69,34.0,12.5,3.7,5.4,1.3,0.3,1.5,Jeff Green,77,27.2,12.3,1.8,4.0,0.6,0.5,1.3,Tomas Satoransky,80,27.0,8.9,5.0,3.5,1.0,0.2,1.5
Atlanta Hawks,2019-20,20,Trae Young,60,35.3,29.6,9.3,4.3,1.1,0.1,4.8,John Collins,41,33.2,21.6,1.5,10.1,0.8,1.6,1.8,Clint Capela,39,32.8,13.9,1.2,13.8,0.8,1.8,1.6,De'Andre Hunter,63,32.0,12.3,1.8,4.5,0.7,0.3,1.6,Kevin Huerter,56,31.4,12.2,3.8,4.1,0.9,0.5,1.6
Boston Celtics,2019-20,48,Jayson Tatum,66,34.3,23.4,3.0,7.0,1.4,0.9,2.3,Jaylen Brown,57,33.9,20.3,2.1,6.4,1.1,0.4,2.2,Gordon Hayward,52,33.5,17.5,4.1,6.7,0.7,0.4,1.8,Marcus Smart,60,32.0,12.9,4.9,3.8,1.7,0.5,1.7,Kemba Walker,56,31.1,20.4,4.8,3.9,0.9,0.5,2.1
Brooklyn Nets,2019-20,35,Kyrie Irving,20,32.9,27.4,6.4,5.2,1.4,0.5,2.6,Spencer Dinwiddie,64,31.2,20.6,6.8,3.5,0.6,0.3,2.7,Joe Harris,69,30.8,14.5,2.1,4.3,0.6,0.2,1.5,Caris LeVert,45,29.6,18.7,4.4,4.2,1.2,0.2,2.6,Taurean Prince,64,29.0,12.1,1.8,6.0,0.9,0.4,2.0
Charlotte Hornets,2019-20,23,Devonte' Graham,63,35.1,18.2,7.5,3.4,1.0,0.2,2.9,Terry Rozier,63,34.4,18.0,4.1,4.4,1.0,0.2,2.2,Miles Bridges,65,30.7,13.0,1.8,5.6,0.6,0.7,1.5,P.J. Washington,58,30.3,12.2,2.1,5.4,0.9,0.8,1.6,Cody Zeller,58,23.1,11.1,1.5,7.1,0.7,0.4,1.3
Chicago Bulls,2019-20,22,Zach LaVine,60,34.8,25.5,4.2,4.8,1.5,0.5,3.4,Lauri Markkanen,50,29.8,14.7,1.5,6.3,0.8,0.5,1.6,Wendell Carter Jr.,43,29.2,11.3,1.2,9.4,0.8,0.8,1.7,Tomas Satoransky,65,28.9,9.9,5.4,3.9,1.2,0.1,2.0,Coby White,65,25.8,13.2,2.7,3.5,0.8,0.1,1.7
Cleveland Cavaliers,2019-20,19,Andre Drummond,57,33.0,17.7,2.7,15.2,1.9,1.6,3.6,Collin Sexton,65,33.0,20.8,3.0,3.1,1.0,0.1,2.4,Kevin Love,56,31.8,17.6,3.2,9.8,0.6,0.3,2.5,Darius Garland,59,30.9,12.3,3.9,1.9,0.7,0.1,2.6,Tristan Thompson,57,30.2,12.0,2.1,10.1,0.6,0.9,1.8
Dallas Mavericks,2019-20,43,Luka Dončić,61,33.6,28.8,8.8,9.4,1.0,0.2,4.3,Kristaps Porziņģis,57,31.8,20.4,1.8,9.5,0.7,2.0,1.6,Dorian Finney-Smith,71,29.9,9.5,1.6,5.7,0.6,0.5,1.0,Tim Hardaway Jr.,71,29.5,15.8,1.9,3.3,0.6,0.1,1.0,Dwight Powell,40,26.5,9.4,1.5,5.7,0.9,0.6,0.9
Denver Nuggets,2019-20,46,Will Barton,58,33.0,15.1,3.7,6.3,1.1,0.5,1.5,Jamal Murray,59,32.3,18.5,4.8,4.0,1.1,0.3,2.2,Nikola Jokić,73,32.0,19.9,7.0,9.7,1.2,0.6,3.1,Gary Harris,56,31.8,10.4,2.1,2.9,1.4,0.3,1.1,Jerami Grant,71,26.6,12.0,1.2,3.5,0.7,0.8,0.9
Detroit Pistons,2019-20,20,Luke Kennard,28,32.9,15.8,4.1,3.5,0.4,0.2,1.5,Blake Griffin,18,28.5,15.5,3.3,4.7,0.4,0.4,2.2,Bruce Brown,58,28.2,8.9,4.0,4.7,1.1,0.5,1.7,Tony Snell,59,27.8,8.0,2.2,1.9,0.5,0.3,0.5,Derrick Rose,50,26.0,18.1,5.6,2.4,0.8,0.3,2.5
Golden State Warriors,2019-20,15,Andrew Wiggins,54,34.4,21.8,3.7,5.1,0.8,1.0,2.4,Mychal Mulder,7,29.1,11.0,1.1,3.3,0.3,0.1,0.7,Damion Lee,49,29.0,12.7,2.7,4.9,1.0,0.1,1.4,Draymond Green,43,28.4,8.0,6.2,6.2,1.4,0.8,2.3,Stephen Curry,5,27.9,20.8,6.6,5.2,1.0,0.4,3.2
Houston Rockets,2019-20,44,James Harden,68,36.5,34.3,7.5,6.6,1.8,0.9,4.5,Russell Westbrook,57,36.0,27.2,7.0,7.9,1.6,0.4,4.5,P.J. Tucker,72,34.3,6.9,1.6,6.6,1.1,0.5,1.0,Robert Covington,70,30.5,12.4,1.3,6.6,1.6,1.3,1.5,Danuel House Jr.,63,30.4,10.5,1.3,4.2,1.1,0.5,0.9
Indiana Pacers,2019-20,45,Domantas Sabonis,62,34.8,18.5,5.0,12.4,0.8,0.5,2.7,T.J. Warren,67,32.9,19.8,1.5,4.2,1.2,0.5,1.3,Malcolm Brogdon,54,30.9,16.5,7.1,4.9,0.6,0.2,2.4,Myles Turner,62,29.4,12.1,1.2,6.6,0.7,2.1,1.4,Jeremy Lamb,46,28.1,12.5,2.1,4.3,1.2,0.5,1.1
LA Clippers,2019-20,49,Kawhi Leonard,57,32.4,27.1,4.9,7.1,1.8,0.6,2.6,Marcus Morris Sr.,62,31.2,16.7,1.4,5.0,0.8,0.5,1.6,Paul George,48,29.6,21.5,3.9,5.7,1.4,0.4,2.6,Lou Williams,65,28.7,18.2,5.6,3.1,0.7,0.2,2.8,Montrezl Harrell,63,27.8,18.6,1.7,7.1,0.6,1.1,1.7
Los Angeles Lakers,2019-20,52,LeBron James,67,34.6,25.3,10.2,7.8,1.2,0.5,3.9,Anthony Davis,62,34.4,26.1,3.2,9.3,1.5,2.3,2.5,Kentavious Caldwell-Pope,69,25.5,9.3,1.6,2.1,0.8,0.2,0.9,Kyle Kuzma,61,25.0,12.8,1.3,4.5,0.5,0.4,1.5,Danny Green,68,24.8,8.0,1.3,3.3,1.3,0.5,0.9
Memphis Grizzlies,2019-20,34,Justise Winslow,11,32.0,11.3,4.0,6.6,0.6,0.5,2.2,Ja Morant,67,31.0,17.8,7.3,3.9,0.9,0.3,3.3,Dillon Brooks,73,28.9,16.2,2.1,3.3,0.9,0.4,1.7,Jaren Jackson Jr.,57,28.5,17.4,1.4,4.6,0.7,1.6,1.7,Jonas Valančiūnas,70,26.4,14.9,1.9,11.3,0.4,1.1,1.8
Miami Heat,2019-20,44,Jimmy Butler III,58,33.8,19.9,6.0,6.7,1.8,0.6,2.2,Bam Adebayo,72,33.6,15.9,5.1,10.2,1.1,1.3,2.8,Duncan Robinson,73,29.7,13.5,1.4,3.2,0.5,0.3,1.0,Kendrick Nunn,67,29.3,15.3,3.3,2.7,0.8,0.2,1.7,Jae Crowder,65,28.8,10.5,2.5,5.9,1.1,0.4,1.1
Milwaukee Bucks,2019-20,56,Giannis Antetokounmpo,63,30.4,29.5,5.6,13.6,1.0,1.0,3.7,Khris Middleton,62,29.9,20.9,4.3,6.2,0.9,0.1,2.2,Eric Bledsoe,61,27.0,14.9,5.4,4.6,0.9,0.4,2.4,Brook Lopez,68,26.7,12.0,1.5,4.6,0.7,2.4,1.0,Wesley Matthews,67,24.4,7.4,1.4,2.5,0.6,0.1,0.6
Minnesota Timberwolves,2019-20,19,Karl-Anthony Towns,35,33.9,26.5,4.4,10.8,0.9,1.2,3.1,D'Angelo Russell,45,32.3,23.1,6.3,3.9,1.1,0.3,3.3,Josh Okogie,62,25.0,8.6,1.6,4.3,1.1,0.4,1.4,Jarrett Culver,63,23.9,9.2,1.7,3.4,0.9,0.6,1.3,Malik Beasley,55,22.0,11.2,1.4,2.7,0.7,0.1,1.0
New Orleans Pelicans,2019-20,30,Jrue Holiday,61,34.7,19.1,6.7,4.8,1.6,0.8,3.0,Brandon Ingram,62,33.9,23.8,4.2,6.1,1.0,0.6,3.0,Lonzo Ball,63,32.1,11.8,7.0,6.1,1.4,0.6,3.1,Zion Williamson,24,27.8,22.5,2.1,6.3,0.7,0.4,2.5,Josh Hart,65,27.0,10.1,1.7,6.5,1.0,0.4,1.2
New York Knicks,2019-20,21,Julius Randle,64,32.5,19.5,3.1,9.7,0.8,0.3,3.0,RJ Barrett,56,30.4,14.3,2.6,5.0,1.0,0.3,2.2,Elfrid Payton,45,27.7,10.0,7.2,4.7,1.6,0.4,2.1,Reggie Bullock Jr.,29,23.6,8.1,1.4,2.3,0.9,0.1,0.7,Mitchell Robinson,61,23.2,9.7,0.6,7.0,0.9,2.0,0.6
Oklahoma City Thunder,2019-20,44,Shai Gilgeous-Alexander,70,34.7,19.0,3.3,5.9,1.1,0.7,1.9,Chris Paul,70,31.5,17.6,6.7,5.0,1.6,0.2,2.3,Dennis Schröder,65,30.8,18.9,4.0,3.6,0.7,0.2,2.6,Danilo Gallinari,62,29.6,18.7,1.9,5.2,0.7,0.1,1.2,Steven Adams,63,26.7,10.9,2.3,9.3,0.8,1.1,1.5
Orlando Magic,2019-20,33,Aaron Gordon,62,32.5,14.4,3.7,7.7,0.8,0.6,1.6,Nikola Vučević,62,32.2,19.6,3.6,10.9,0.9,0.8,1.4,Evan Fournier,66,31.4,18.5,3.2,2.6,1.1,0.2,1.9,Jonathan Isaac,34,28.8,11.9,1.4,6.8,1.6,2.3,1.4,Markelle Fultz,72,27.7,12.1,5.1,3.3,1.3,0.2,2.0
Philadelphia 76ers,2019-20,43,Ben Simmons,57,35.4,16.4,8.0,7.8,2.1,0.6,3.5,Tobias Harris,72,34.3,19.6,3.2,6.9,0.7,0.6,1.4,Josh Richardson,55,30.8,13.7,2.9,3.2,0.9,0.7,1.9,Al Horford,67,30.2,11.9,4.0,6.8,0.8,0.9,1.2,Joel Embiid,51,29.5,23.0,3.0,11.6,0.9,1.3,3.1
Phoenix Suns,2019-20,34,Devin Booker,70,35.9,26.6,6.5,4.2,0.7,0.3,3.8,Kelly Oubre Jr.,56,34.5,18.7,1.5,6.4,1.3,0.7,1.5,Deandre Ayton,38,32.5,18.2,1.9,11.5,0.7,1.5,2.1,Ricky Rubio,65,31.0,13.0,8.8,4.7,1.4,0.2,2.7,Mikal Bridges,73,28.0,9.1,1.8,4.0,1.4,0.6,1.0
Portland Trail Blazers,2019-20,35,Damian Lillard,66,37.5,30.0,8.0,4.3,1.1,0.3,2.9,CJ McCollum,70,36.5,22.2,4.4,4.2,0.8,0.6,1.8,Carmelo Anthony,58,32.8,15.4,1.5,6.3,0.8,0.5,1.7,Jusuf Nurkić,8,31.6,17.6,4.0,10.3,1.4,2.0,2.4,Hassan Whiteside,67,30.0,15.5,1.2,13.5,0.4,2.9,1.8
Sacramento Kings,2019-20,31,Harrison Barnes,72,34.5,14.5,2.2,4.9,0.6,0.2,1.2,De'Aaron Fox,51,32.0,21.1,6.8,3.8,1.5,0.5,3.1,Buddy Hield,72,30.8,19.2,3.0,4.6,0.9,0.2,2.3,Bogdan Bogdanović,61,28.9,15.1,3.4,3.4,1.0,0.2,1.7,Richaun Holmes,44,28.2,12.3,1.0,8.1,0.9,1.3,1.2
San Antonio Spurs,2019-20,32,DeMar DeRozan,68,34.1,22.1,5.6,5.5,1.0,0.3,2.4,LaMarcus Aldridge,53,33.1,18.9,2.4,7.4,0.7,1.6,1.4,Dejounte Murray,66,25.6,10.9,4.1,5.8,1.7,0.3,1.9,Bryn Forbes,63,25.1,11.2,1.7,2.0,0.5,0.0,0.9,Derrick White,68,24.7,11.3,3.5,3.3,0.6,0.9,1.3
Toronto Raptors,2019-20,53,Kyle Lowry,58,36.2,19.4,7.5,5.0,1.4,0.4,3.1,Fred VanVleet,54,35.7,17.6,6.6,3.8,1.9,0.3,2.2,Pascal Siakam,60,35.2,22.9,3.5,7.3,1.0,0.9,2.5,OG Anunoby,69,29.9,10.6,1.6,5.3,1.4,0.7,1.1,Norman Powell,52,28.4,16.0,1.8,3.7,1.2,0.4,1.5
Utah Jazz,2019-20,44,Donovan Mitchell,69,34.3,24.0,4.3,4.4,1.0,0.2,2.7,Rudy Gobert,68,34.3,15.1,1.5,13.5,0.8,2.0,1.9,Bojan Bogdanovic,63,33.1,20.2,2.1,4.1,0.5,0.1,2.5,Joe Ingles,72,29.7,9.8,5.2,3.9,0.9,0.2,2.0,Mike Conley,47,29.0,14.4,4.4,3.2,0.8,0.1,2.0
Washington Wizards,2019-20,25,Bradley Beal,57,36.0,30.5,6.1,4.2,1.2,0.4,3.4,Rui Hachimura,48,30.1,13.5,1.8,6.1,0.8,0.2,1.1,Davis Bertans,54,29.3,15.4,1.7,4.5,0.7,0.6,1.1,Ish Smith,68,26.3,10.9,4.9,3.2,0.9,0.4,1.4,Troy Brown Jr.,69,25.8,10.4,2.6,5.6,1.2,0.1,1.1
Atlanta Hawks,2020-21,41,Trae Young,63,33.7,25.3,9.4,3.9,0.8,0.2,4.1,Kevin Huerter,69,30.8,11.9,3.5,3.3,1.2,0.3,1.1,Clint Capela,63,30.1,15.2,0.8,14.3,0.7,2.0,1.2,Bogdan Bogdanović,44,29.7,16.4,3.3,3.6,1.1,0.3,1.2,De'Andre Hunter,23,29.5,15.0,1.9,4.8,0.8,0.5,1.3
Boston Celtics,2020-21,36,Jayson Tatum,64,35.8,26.4,4.3,7.4,1.2,0.5,2.7,Jaylen Brown,58,34.5,24.7,3.4,6.0,1.2,0.6,2.7,Marcus Smart,48,32.9,13.1,5.7,3.5,1.5,0.5,2.0,Evan Fournier,42,30.0,17.1,3.4,3.0,1.1,0.5,1.7,Al Horford,28,27.9,14.2,3.4,6.7,0.9,0.9,1.0
Brooklyn Nets,2020-21,48,James Harden,44,36.6,24.6,10.8,7.9,1.2,0.8,4.0,Kyrie Irving,54,34.9,26.9,6.0,4.8,1.4,0.7,2.4,Kevin Durant,35,33.1,26.9,5.6,7.1,0.7,1.3,3.4,Joe Harris,69,31.0,14.1,1.9,3.6,0.7,0.2,0.9,Jeff Green,68,27.0,11.0,1.6,3.9,0.5,0.4,0.8
Charlotte Hornets,2020-21,33,Terry Rozier,69,34.5,20.4,4.2,4.4,1.3,0.4,1.9,Gordon Hayward,44,34.0,19.6,4.1,5.9,1.2,0.3,2.1,P.J. Washington,64,30.5,12.9,2.5,6.5,1.1,1.2,2.0,Devonte' Graham,55,30.2,14.8,5.4,2.7,0.9,0.1,1.5,Miles Bridges,66,29.3,12.7,2.2,6.0,0.7,0.8,1.6
Chicago Bulls,2020-21,31,Zach LaVine,58,35.1,27.4,4.9,5.0,0.8,0.5,3.5,Nikola Vučević,70,33.5,23.4,3.8,11.7,0.9,0.7,1.8,Coby White,69,31.2,15.1,4.8,4.1,0.6,0.2,2.3,Patrick Williams,71,27.9,9.2,1.4,4.6,0.9,0.6,1.4,Garrett Temple,56,27.3,7.6,2.2,2.9,0.8,0.5,1.0
Cleveland Cavaliers,2020-21,22,Collin Sexton,60,35.3,24.3,4.4,3.1,1.0,0.2,2.8,Darius Garland,54,33.1,17.4,6.1,2.4,1.2,0.1,3.0,Isaac Okoro,67,32.4,9.6,1.9,3.1,0.9,0.4,1.3,Larry Nance Jr.,35,31.2,9.3,3.1,6.7,1.7,0.5,1.6,Jarrett Allen,63,29.6,12.8,1.7,10.0,0.5,1.4,1.6
Dallas Mavericks,2020-21,42,Luka Dončić,66,34.3,27.7,8.6,8.0,1.0,0.5,4.3,Dorian Finney-Smith,60,32.0,9.8,1.7,5.4,0.9,0.4,0.8,Kristaps Porziņģis,43,30.9,20.1,1.6,8.9,0.5,1.3,1.2,Josh Richardson,59,30.3,12.1,2.6,3.3,1.0,0.4,1.3,Tim Hardaway Jr.,70,28.4,16.6,1.8,3.3,0.4,0.2,0.9
Denver Nuggets,2020-21,47,Jamal Murray,48,35.5,21.2,4.8,4.0,1.3,0.3,2.3,Nikola Jokić,72,34.6,26.4,8.3,10.8,1.3,0.7,3.1,Michael Porter Jr.,61,31.3,19.0,1.1,7.3,0.7,0.9,1.3,Will Barton,56,31.0,12.7,3.2,4.0,0.9,0.4,1.7,Aaron Gordon,50,27.7,12.4,3.2,5.7,0.7,0.7,1.9
Detroit Pistons,2020-21,20,Jerami Grant,54,33.9,22.3,2.8,4.6,0.6,1.1,2.0,Saddiq Bey,70,27.3,12.2,1.4,4.5,0.7,0.2,0.9,Mason Plumlee,56,26.8,10.4,3.6,9.3,0.8,0.9,1.9,Killian Hayes,26,25.8,6.8,5.3,2.7,1.0,0.4,3.2,Josh Jackson,62,25.2,13.4,2.3,4.1,0.9,0.8,2.3
Golden State Warriors,2020-21,39,Stephen Curry,63,34.2,32.0,5.8,5.5,1.2,0.1,3.4,Andrew Wiggins,71,33.3,18.6,2.4,4.9,0.9,1.0,1.8,Draymond Green,63,31.5,7.0,8.9,7.1,1.7,0.8,3.0,Kelly Oubre Jr.,55,30.7,15.4,1.3,6.0,1.0,0.8,1.3,James Wiseman,39,21.4,11.5,0.7,5.8,0.3,0.9,1.5
Houston Rockets,2020-21,17,Christian Wood,41,32.3,21.0,1.7,9.6,0.8,1.2,2.0,John Wall,40,32.2,20.6,6.9,3.2,1.1,0.8,3.5,Kevin Porter Jr.,26,32.1,16.6,6.3,3.8,0.7,0.3,3.5,Khyri Thomas,5,30.6,16.4,5.0,3.6,1.8,1.2,1.2,Jae'Sean Tate,70,29.2,11.3,2.5,5.3,1.2,0.5,1.4
Indiana Pacers,2020-21,34,Domantas Sabonis,62,36.0,20.3,6.7,12.0,1.2,0.5,3.4,Malcolm Brogdon,56,34.5,21.2,5.9,5.3,0.9,0.3,2.1,Caris LeVert,47,31.6,20.2,5.2,4.6,1.4,0.6,2.2,Myles Turner,47,31.0,12.6,1.0,6.5,0.9,3.4,1.4,Justin Holiday,72,30.3,10.5,1.7,3.6,1.0,0.6,0.8
LA Clippers,2020-21,47,Kawhi Leonard,52,34.1,24.8,5.2,6.5,1.6,0.4,2.0,Paul George,54,33.7,23.3,5.2,6.6,1.1,0.4,3.3,Nicolas Batum,67,27.4,8.1,2.2,4.7,1.0,0.6,0.8,Marcus Morris Sr.,57,26.3,13.4,1.0,4.1,0.6,0.3,1.0,Serge Ibaka,41,23.3,11.1,1.8,6.7,0.2,1.1,1.1
Los Angeles Lakers,2020-21,42,LeBron James,45,33.4,25.0,7.8,7.7,1.1,0.6,3.7,Anthony Davis,36,32.3,21.8,3.1,7.9,1.3,1.6,2.1,Dennis Schröder,61,32.1,15.4,5.8,3.5,1.1,0.2,2.7,Kyle Kuzma,68,28.7,12.9,1.9,6.1,0.5,0.6,1.7,Kentavious Caldwell-Pope,67,28.4,9.7,1.9,2.7,0.9,0.4,1.0
Memphis Grizzlies,2020-21,38,Ja Morant,63,32.6,19.1,7.4,4.0,0.9,0.2,3.2,Dillon Brooks,67,29.8,17.2,2.3,2.9,1.2,0.4,1.8,Jonas Valančiūnas,62,28.3,17.1,1.8,12.5,0.6,0.9,1.6,Kyle Anderson,69,27.4,12.4,3.6,5.7,1.2,0.8,1.2,Grayson Allen,50,25.2,10.6,2.2,3.2,0.9,0.2,1.0
Miami Heat,2020-21,40,Jimmy Butler III,52,33.6,21.5,7.1,6.9,2.1,0.3,2.1,Bam Adebayo,64,33.5,18.7,5.4,9.0,1.2,1.0,2.6,Victor Oladipo,33,32.7,19.8,4.6,4.8,1.4,0.4,2.5,Duncan Robinson,72,31.4,13.1,1.8,3.5,0.6,0.3,1.1,Tyler Herro,54,30.3,15.1,3.4,5.0,0.6,0.3,1.9
Milwaukee Bucks,2020-21,46,Khris Middleton,68,33.4,20.4,5.4,6.0,1.1,0.1,2.6,Giannis Antetokounmpo,61,33.0,28.1,5.9,11.0,1.2,1.2,3.4,Jrue Holiday,59,32.3,17.7,6.1,4.5,1.6,0.6,2.2,Elijah Bryant,1,31.6,16.0,3.0,6.0,0.0,1.0,4.0,Donte DiVincenzo,66,27.5,10.4,3.1,5.8,1.1,0.2,1.4
Minnesota Timberwolves,2020-21,23,Karl-Anthony Towns,50,33.8,24.8,4.5,10.6,0.8,1.1,3.2,Malik Beasley,37,32.8,19.6,2.4,4.4,0.8,0.2,1.6,Anthony Edwards,72,32.1,19.3,2.9,4.7,1.1,0.5,2.2,D'Angelo Russell,42,28.5,19.0,5.8,2.6,1.1,0.4,2.7,Ricky Rubio,68,26.1,8.6,6.4,3.3,1.4,0.1,1.6
New Orleans Pelicans,2020-21,31,Brandon Ingram,61,34.3,23.8,4.9,4.9,0.7,0.6,2.5,Zion Williamson,61,33.2,27.0,3.7,7.2,0.9,0.6,2.7,Lonzo Ball,55,31.8,14.6,5.7,4.8,1.5,0.6,2.2,Eric Bledsoe,71,29.7,12.2,3.8,3.4,0.8,0.3,1.6,Josh Hart,47,28.7,9.2,2.3,8.0,0.8,0.3,1.0
New York Knicks,2020-21,41,Julius Randle,71,37.6,24.1,6.0,10.2,0.9,0.3,3.4,RJ Barrett,72,34.9,17.6,3.0,5.8,0.7,0.3,1.9,Reggie Bullock Jr.,65,30.0,10.9,1.5,3.4,0.8,0.2,0.7,Mitchell Robinson,31,27.5,8.3,0.5,8.1,1.1,1.5,0.8,Alec Burks,49,25.6,12.7,2.2,4.6,0.6,0.3,1.0
Oklahoma City Thunder,2020-21,22,Shai Gilgeous-Alexander,35,33.7,23.7,5.9,4.7,0.8,0.7,3.0,Kemba Walker,43,31.8,19.3,4.9,4.0,1.1,0.3,2.0,Darius Bazley,55,31.2,13.7,1.8,7.2,0.5,0.5,2.2,Luguentz Dort,52,29.7,14.0,1.7,3.6,0.9,0.4,1.5,Theo Maledon,65,27.3,10.1,3.5,3.2,0.9,0.2,2.2
Orlando Magic,2020-21,21,Terrence Ross,46,29.3,15.6,2.3,3.4,1.0,0.5,1.6,Gary Harris,39,27.7,9.9,2.0,2.0,0.7,0.3,0.9,Cole Anthony,47,27.1,12.9,4.1,4.7,0.6,0.4,2.3,Markelle Fultz,8,26.9,12.9,5.4,3.1,1.0,0.3,2.3,Michael Carter-Williams,31,25.8,8.8,4.2,4.5,0.8,0.5,2.2
Philadelphia 76ers,2020-21,49,Tobias Harris,62,32.5,19.5,3.5,6.8,0.9,0.8,1.7,Ben Simmons,58,32.4,14.3,6.9,7.2,1.6,0.6,3.0,Joel Embiid,51,31.1,28.5,2.8,10.6,1.0,1.4,3.1,Seth Curry,57,28.7,12.5,2.7,2.4,0.8,0.1,1.1,Danny Green,69,28.0,9.5,1.7,3.8,1.3,0.8,1.0
Phoenix Suns,2020-21,51,Devin Booker,67,33.9,25.6,4.3,4.2,0.8,0.2,3.1,Mikal Bridges,72,32.6,13.5,2.1,4.3,1.1,0.9,0.8,Chris Paul,70,31.4,16.4,8.9,4.5,1.4,0.3,2.2,Deandre Ayton,69,30.6,14.4,1.4,10.5,0.6,1.2,1.5,Jae Crowder,60,27.5,10.1,2.1,4.7,0.8,0.5,0.9
Portland Trail Blazers,2020-21,42,Damian Lillard,67,35.8,28.8,7.5,4.2,0.9,0.3,3.0,CJ McCollum,47,34.0,23.1,4.7,3.9,0.9,0.4,1.4,Norman Powell,69,32.0,18.6,1.9,3.1,1.2,0.3,1.7,Robert Covington,70,32.0,8.5,1.7,6.7,1.4,1.2,0.9,Carmelo Anthony,69,24.5,13.4,1.5,3.1,0.7,0.6,0.9
Sacramento Kings,2020-21,31,Harrison Barnes,58,36.2,16.1,3.5,6.6,0.7,0.2,1.6,De'Aaron Fox,58,35.1,25.2,7.2,3.5,1.5,0.5,3.0,Buddy Hield,71,34.3,16.6,3.6,4.7,0.9,0.4,1.8,Tyrese Haliburton,58,30.1,13.0,5.3,3.0,1.3,0.5,1.6,Richaun Holmes,61,29.2,14.2,1.7,8.3,0.6,1.6,1.2
San Antonio Spurs,2020-21,33,DeMar DeRozan,61,33.7,21.6,6.9,4.2,0.9,0.2,2.0,Dejounte Murray,67,31.9,15.7,5.4,7.1,1.5,0.1,1.7,Derrick White,36,29.5,15.4,3.5,3.0,0.7,1.0,1.3,Keldon Johnson,69,28.5,12.8,1.8,6.0,0.6,0.3,1.1,Jakob Poeltl,69,26.7,8.6,1.9,7.9,0.7,1.8,1.2
Toronto Raptors,2020-21,27,Fred VanVleet,52,36.5,19.6,6.3,4.2,1.7,0.7,1.8,Pascal Siakam,56,35.8,21.4,4.5,7.2,1.1,0.7,2.3,Kyle Lowry,46,34.8,17.2,7.3,5.4,1.0,0.3,2.7,OG Anunoby,43,33.3,15.9,2.2,5.5,1.5,0.7,1.7,Gary Trent Jr.,58,31.1,15.3,1.4,2.6,1.0,0.2,0.7
Utah Jazz,2020-21,52,Donovan Mitchell,53,33.4,26.4,5.2,4.4,1.0,0.3,2.8,Royce O'Neale,71,31.6,7.0,2.5,6.8,0.8,0.5,1.2,Bojan Bogdanovic,72,30.8,17.0,1.9,3.9,0.6,0.1,1.8,Rudy Gobert,71,30.8,14.3,1.3,13.5,0.6,2.7,1.7,Mike Conley,51,29.4,16.2,6.0,3.5,1.4,0.2,1.9
Washington Wizards,2020-21,34,Russell Westbrook,65,36.4,22.2,11.7,11.5,1.4,0.4,4.8,Bradley Beal,60,35.8,31.3,4.4,4.7,1.2,0.4,3.1,Rui Hachimura,57,31.5,13.8,1.4,5.5,0.8,0.1,1.2,Thomas Bryant,10,27.1,14.3,1.5,6.1,0.4,0.8,1.1,Davis Bertans,57,25.7,11.5,0.9,2.9,0.6,0.2,0.6
Atlanta Hawks,2021-22,43,Trae Young,76,34.9,28.4,9.7,3.7,0.9,0.1,4.0,John Collins,54,30.8,16.2,1.8,7.8,0.6,1.0,1.1,De'Andre Hunter,53,29.8,13.4,1.3,3.3,0.7,0.4,1.3,Kevin Huerter,74,29.6,12.1,2.7,3.4,0.7,0.4,1.2,Bogdan Bogdanović,63,29.3,15.1,3.1,4.0,1.1,0.2,1.1
Boston Celtics,2021-22,51,Jayson Tatum,76,35.9,26.9,4.4,8.0,1.0,0.6,2.9,Jaylen Brown,66,33.6,23.6,3.5,6.1,1.1,0.3,2.7,Marcus Smart,71,32.3,12.1,5.9,3.8,1.7,0.3,2.2,Robert Williams III,61,29.6,10.0,2.0,9.6,0.9,2.2,1.0,Derrick White,75,29.3,13.2,4.9,3.5,0.9,0.8,1.6
Brooklyn Nets,2021-22,44,Kyrie Irving,29,37.6,27.4,5.8,4.4,1.4,0.6,2.5,Kevin Durant,55,37.2,29.9,6.4,7.4,0.9,0.9,3.5,Seth Curry,64,33.3,15.0,3.6,3.1,0.8,0.2,1.7,Joe Harris,14,30.2,11.3,1.0,4.0,0.5,0.1,1.1,Patty Mills,81,29.0,11.4,2.3,1.9,0.6,0.2,0.9
Charlotte Hornets,2021-22,43,Miles Bridges,80,35.5,20.2,3.8,7.0,0.9,0.8,1.9,Terry Rozier,73,33.7,19.3,4.5,4.3,1.3,0.3,1.3,LaMelo Ball,75,32.3,20.1,7.6,6.7,1.6,0.4,3.3,Gordon Hayward,49,31.9,15.9,3.6,4.6,1.0,0.4,1.7,P.J. Washington,65,27.2,10.3,2.3,5.2,0.9,0.9,1.3
Chicago Bulls,2021-22,46,DeMar DeRozan,76,36.1,27.9,4.9,5.2,0.9,0.3,2.4,Zach LaVine,67,34.7,24.4,4.5,4.6,0.6,0.3,2.6,Lonzo Ball,35,34.6,13.0,5.1,5.4,1.8,0.9,2.3,Nikola Vučević,73,33.1,17.6,3.2,11.0,1.0,1.0,1.9,Alex Caruso,41,28.0,7.4,4.0,3.6,1.7,0.4,1.4
Cleveland Cavaliers,2021-22,44,Darius Garland,68,35.7,21.7,8.6,3.3,1.3,0.1,3.6,Evan Mobley,69,33.8,15.0,2.5,8.3,0.8,1.7,1.9,Jarrett Allen,56,32.3,16.1,1.6,10.8,0.8,1.3,1.7,Lauri Markkanen,61,30.8,14.8,1.3,5.7,0.7,0.5,0.9,Caris LeVert,58,30.7,17.0,4.3,3.7,0.9,0.4,1.9
Dallas Mavericks,2021-22,52,Luka Dončić,65,35.4,28.4,8.7,9.1,1.2,0.6,4.5,Dorian Finney-Smith,80,33.0,11.0,1.9,4.7,1.1,0.5,1.0,Jalen Brunson,79,31.9,16.3,4.8,3.9,0.8,0.0,1.6,Tim Hardaway Jr.,42,29.6,14.2,2.2,3.7,0.9,0.1,0.8,Spencer Dinwiddie,67,29.6,13.7,5.2,4.2,0.7,0.2,1.6
Denver Nuggets,2021-22,48,Nikola Jokić,74,33.5,27.1,7.9,13.8,1.5,0.9,3.8,Will Barton,71,32.1,14.7,3.9,4.8,0.8,0.4,1.8,Aaron Gordon,75,31.7,15.0,2.5,5.9,0.6,0.6,1.8,Monté Morris,75,29.9,12.6,4.4,3.0,0.7,0.2,1.0,Michael Porter Jr.,9,29.4,9.9,1.9,6.6,1.1,0.2,1.3
Detroit Pistons,2021-22,23,Derrick Walton Jr.,3,36.1,6.3,7.0,3.3,2.3,1.3,3.7,Saddiq Bey,82,33.0,16.1,2.8,5.4,0.9,0.2,1.2,Cade Cunningham,64,32.6,17.4,5.6,5.5,1.2,0.7,3.7,Jerami Grant,47,31.9,19.2,2.4,4.1,0.9,1.0,1.8,Isaiah Stewart,71,25.6,8.3,1.2,8.7,0.3,1.1,1.2
Golden State Warriors,2021-22,53,Stephen Curry,64,34.5,25.5,6.3,5.2,1.3,0.4,3.2,Andrew Wiggins,73,31.9,17.2,2.2,4.5,1.0,0.7,1.5,Jordan Poole,76,30.0,18.5,4.0,3.4,0.8,0.3,2.5,Klay Thompson,32,29.4,20.4,2.8,3.9,0.5,0.5,1.3,Draymond Green,46,28.9,7.5,7.0,7.3,1.3,1.1,3.0
Houston Rockets,2021-22,20,Jalen Green,67,31.9,17.3,2.6,3.4,0.7,0.3,2.0,Kevin Porter Jr.,61,31.3,15.6,6.2,4.4,1.1,0.4,3.1,Christian Wood,68,30.8,17.9,2.3,10.1,0.8,1.0,1.9,Eric Gordon,57,29.3,13.4,2.7,2.0,0.5,0.3,1.9,Dennis Schröder,64,28.7,13.5,4.6,3.3,0.8,0.1,2.2
Indiana Pacers,2021-22,25,Tyrese Haliburton,77,35.0,15.3,8.2,4.0,1.7,0.6,2.6,Malcolm Brogdon,36,33.5,19.1,5.9,5.1,0.8,0.4,2.1,Buddy Hield,81,30.8,15.6,2.8,4.4,0.9,0.3,1.9,Myles Turner,42,29.4,12.9,1.0,7.1,0.7,2.8,1.3,Ricky Rubio,34,28.5,13.1,6.6,4.1,1.4,0.2,2.6
LA Clippers,2021-22,42,Paul George,31,34.8,24.3,5.7,6.9,2.2,0.4,4.1,Norman Powell,45,32.4,19.0,2.1,3.2,0.9,0.5,1.5,Reggie Jackson,75,31.2,16.8,4.8,3.6,0.7,0.2,2.3,Marcus Morris Sr.,54,29.0,15.4,2.1,4.4,0.5,0.3,1.3,Terance Mann,81,28.6,10.8,2.6,5.2,0.7,0.3,1.0
Los Angeles Lakers,2021-22,33,LeBron James,56,37.2,30.3,6.2,8.2,1.3,1.1,3.5,Anthony Davis,40,35.1,23.2,3.1,9.9,1.2,2.3,2.1,Russell Westbrook,78,34.3,18.5,7.1,7.4,1.0,0.3,3.8,Malik Monk,76,28.1,13.8,2.9,3.4,0.8,0.4,1.6,Carmelo Anthony,69,26.0,13.3,1.0,4.2,0.7,0.8,0.9
Memphis Grizzlies,2021-22,56,Ja Morant,57,33.1,27.4,6.7,5.7,1.2,0.4,3.4,Desmond Bane,76,29.8,18.2,2.7,4.4,1.2,0.4,1.5,Dillon Brooks,32,27.7,18.4,2.8,3.2,1.1,0.3,1.6,Jaren Jackson Jr.,78,27.3,16.3,1.1,5.8,0.9,2.3,1.7,Steven Adams,76,26.3,6.9,3.4,10.0,0.9,0.8,1.5
Miami Heat,2021-22,53,Kyle Lowry,63,33.9,13.4,7.5,4.5,1.1,0.3,2.7,Jimmy Butler III,57,33.9,21.4,5.5,5.9,1.6,0.5,2.1,Bam Adebayo,56,32.6,19.1,3.4,10.1,1.4,0.8,2.6,Tyler Herro,66,32.6,20.7,4.0,5.0,0.7,0.1,2.6,P.J. Tucker,71,27.9,7.6,2.1,5.5,0.8,0.2,0.9
Milwaukee Bucks,2021-22,51,Jrue Holiday,67,32.9,18.3,6.8,4.5,1.6,0.4,2.7,Giannis Antetokounmpo,67,32.9,29.9,5.8,11.6,1.1,1.4,3.3,Khris Middleton,66,32.4,20.1,5.4,5.4,1.2,0.3,2.9,Bobby Portis,72,28.2,14.6,1.2,9.1,0.7,0.7,1.3,Grayson Allen,66,27.3,11.1,1.5,3.4,0.7,0.3,0.7
Minnesota Timberwolves,2021-22,46,Anthony Edwards,72,34.2,21.3,3.8,4.8,1.5,0.6,2.6,Karl-Anthony Towns,74,33.5,24.6,3.6,9.8,1.0,1.1,3.1,D'Angelo Russell,65,31.9,18.1,7.1,3.3,1.0,0.3,2.5,Jaden McDaniels,70,25.8,9.2,1.1,4.2,0.7,0.8,1.1,Patrick Beverley,58,25.4,9.2,4.6,4.1,1.2,0.9,1.3
New Orleans Pelicans,2021-22,36,CJ McCollum,62,34.6,22.1,5.1,4.3,1.1,0.4,2.0,Brandon Ingram,55,34.0,22.7,5.6,5.8,0.6,0.5,2.7,Jonas Valančiūnas,74,30.3,17.8,2.6,11.4,0.6,0.8,2.4,Herbert Jones,78,29.9,9.5,2.1,3.8,1.7,0.8,1.3,Devonte' Graham,76,28.4,11.9,4.2,2.3,0.9,0.2,1.4
New York Knicks,2021-22,37,Julius Randle,72,35.3,20.1,5.1,9.9,0.7,0.5,3.4,RJ Barrett,70,34.5,20.0,3.0,5.8,0.6,0.2,2.2,Evan Fournier,80,29.5,14.1,2.1,2.6,1.0,0.3,1.3,Alec Burks,81,28.6,11.7,3.0,4.9,1.0,0.3,1.1,Mitchell Robinson,72,25.7,8.5,0.5,8.6,0.8,1.8,0.8
Oklahoma City Thunder,2021-22,24,Zavier Simpson,4,43.5,11.0,7.5,5.3,1.3,1.0,2.5,Melvin Frazier Jr.,3,39.9,10.7,0.3,4.3,0.3,0.0,1.0,Shai Gilgeous-Alexander,56,34.7,24.5,5.9,5.0,1.3,0.8,2.8,Jaylen Hoard,7,34.2,14.7,2.4,12.0,0.9,0.7,1.1,Luguentz Dort,51,32.7,17.2,1.7,4.2,0.9,0.4,1.7
Orlando Magic,2021-22,22,Cole Anthony,65,31.7,16.3,5.7,5.4,0.7,0.3,2.6,Franz Wagner,79,30.7,15.2,2.9,4.5,0.9,0.4,1.5,Wendell Carter Jr.,62,29.9,15.0,2.8,10.5,0.6,0.7,1.9,Devin Cannady,5,28.9,10.0,2.0,1.2,1.0,0.6,1.0,Gary Harris,61,28.4,11.1,1.8,2.0,1.0,0.1,1.0
Philadelphia 76ers,2021-22,51,James Harden,65,37.2,22.0,10.3,7.7,1.3,0.6,4.4,Tyrese Maxey,75,35.3,17.5,4.3,3.2,0.7,0.4,1.2,Tobias Harris,73,34.8,17.2,3.5,6.8,0.6,0.6,1.6,Joel Embiid,68,33.8,30.6,4.2,11.7,1.1,1.5,3.1,Matisse Thybulle,66,25.5,5.7,1.1,2.3,1.7,1.1,0.6
Phoenix Suns,2021-22,64,Mikal Bridges,82,34.8,14.2,2.3,4.2,1.2,0.4,0.8,Devin Booker,68,34.5,26.8,4.8,5.0,1.1,0.4,2.4,Chris Paul,65,32.9,14.7,10.8,4.4,1.9,0.3,2.4,Deandre Ayton,58,29.5,17.2,1.4,10.2,0.7,0.7,1.6,Jae Crowder,67,28.1,9.4,1.9,5.3,1.4,0.4,0.8
Portland Trail Blazers,2021-22,27,Damian Lillard,29,36.4,24.0,7.3,4.1,0.6,0.4,2.9,Josh Hart,54,33.2,14.9,4.1,7.2,1.1,0.2,2.1,Anfernee Simons,57,29.5,17.3,3.9,2.6,0.5,0.1,2.0,Jusuf Nurkić,56,28.2,15.0,2.8,11.1,1.1,0.6,2.6,Brandon Williams,24,26.7,12.9,3.9,3.1,1.0,0.4,2.4
Sacramento Kings,2021-22,30,De'Aaron Fox,59,35.3,23.2,5.6,3.9,1.2,0.4,2.8,Domantas Sabonis,62,34.4,18.9,5.2,12.1,1.0,0.4,3.1,Harrison Barnes,77,33.6,16.4,2.4,5.6,0.7,0.2,1.5,Justin Holiday,74,27.8,10.1,1.7,2.6,0.8,0.4,0.9,Davion Mitchell,75,27.7,11.5,4.2,2.2,0.7,0.3,1.5
San Antonio Spurs,2021-22,34,Dejounte Murray,68,34.8,21.1,9.2,8.3,2.0,0.3,2.6,Keldon Johnson,75,31.9,17.0,2.1,6.1,0.8,0.2,1.2,Jakob Poeltl,68,29.0,13.5,2.8,9.3,0.7,1.7,1.6,Devin Vassell,71,27.3,12.3,1.9,4.3,1.1,0.6,0.8,Josh Richardson,65,24.6,10.2,1.8,2.8,0.9,0.4,1.0
Toronto Raptors,2021-22,48,Pascal Siakam,68,37.9,22.8,5.3,8.5,1.3,0.6,2.7,Fred VanVleet,65,37.9,20.3,6.7,4.4,1.7,0.5,2.6,OG Anunoby,48,36.0,17.1,2.6,5.5,1.5,0.5,1.7,Scottie Barnes,74,35.4,15.3,3.5,7.5,1.1,0.7,1.8,Gary Trent Jr.,70,35.0,18.3,2.0,2.7,1.7,0.3,1.0
Utah Jazz,2021-22,49,Donovan Mitchell,67,33.8,25.9,5.3,4.2,1.5,0.2,3.0,Rudy Gobert,66,32.1,15.6,1.1,14.7,0.7,2.1,1.8,Royce O'Neale,77,31.2,7.4,2.5,4.8,1.1,0.4,1.0,Bojan Bogdanovic,69,30.9,18.1,1.7,4.3,0.5,0.0,1.7,Mike Conley,72,28.6,13.7,5.3,3.0,1.3,0.3,1.7
Washington Wizards,2021-22,35,Bradley Beal,40,36.0,23.2,6.6,4.7,0.9,0.4,3.4,Kyle Kuzma,66,33.4,17.1,3.5,8.5,0.6,0.9,2.6,Kentavious Caldwell-Pope,77,30.2,13.2,1.9,3.4,1.1,0.3,1.3,Kristaps Porziņģis,51,29.0,20.2,2.3,8.1,0.7,1.6,1.6,Deni Avdija,82,24.2,8.4,2.0,5.2,0.7,0.5,1.1
Atlanta Hawks,2022-23,41,Dejounte Murray,74,36.4,20.5,6.1,5.3,1.5,0.3,2.2,Trae Young,73,34.8,26.2,10.2,3.0,1.1,0.1,4.1,De'Andre Hunter,67,31.7,15.4,1.4,4.2,0.5,0.3,1.2,John Collins,71,30.0,13.1,1.2,6.5,0.6,1.0,1.1,Bogdan Bogdanović,54,27.9,14.0,2.8,3.1,0.8,0.3,1.2
Boston Celtics,2022-23,57,Jayson Tatum,74,36.9,30.1,4.6,8.8,1.1,0.7,2.9,Jaylen Brown,67,35.9,26.6,3.5,6.9,1.1,0.4,2.9,Marcus Smart,61,32.1,11.5,6.3,3.1,1.5,0.4,2.3,Al Horford,63,30.5,9.8,3.0,6.2,0.5,1.0,0.6,Derrick White,82,28.3,12.4,3.9,3.6,0.7,0.9,1.2
Brooklyn Nets,2022-23,45,Mikal Bridges,83,35.7,20.1,3.3,4.4,1.1,0.7,1.5,RaiQuan Gray,1,35.1,16.0,7.0,9.0,0.0,1.0,4.0,Spencer Dinwiddie,79,34.5,17.3,6.5,3.4,0.8,0.3,1.8,Royce O'Neale,76,31.7,8.8,3.7,5.1,0.9,0.6,1.5,Dorian Finney-Smith,66,30.4,8.3,1.5,4.8,0.8,0.5,0.9
Charlotte Hornets,2022-23,27,Terry Rozier,63,35.3,21.1,5.1,4.1,1.2,0.3,2.1,LaMelo Ball,36,35.2,23.3,8.4,6.4,1.3,0.3,3.6,P.J. Washington,73,32.6,15.7,2.4,4.9,0.9,1.1,1.5,Kelly Oubre Jr.,48,32.2,20.3,1.1,5.2,1.4,0.4,1.3,Gordon Hayward,50,31.5,14.7,4.1,4.3,0.8,0.2,2.0
Chicago Bulls,2022-23,40,DeMar DeRozan,74,36.2,24.5,5.1,4.6,1.1,0.5,2.1,Zach LaVine,77,35.9,24.8,4.2,4.5,0.9,0.2,2.5,Nikola Vučević,82,33.5,17.6,3.2,11.0,0.7,0.7,1.7,Patrick Williams,82,28.3,10.2,1.2,4.0,0.9,0.9,1.2,Patrick Beverley,67,27.1,6.2,2.9,3.7,0.9,0.6,0.9
Cleveland Cavaliers,2022-23,51,Donovan Mitchell,68,35.8,28.3,4.4,4.3,1.5,0.4,2.6,Darius Garland,69,35.5,21.6,7.8,2.7,1.2,0.1,2.9,Evan Mobley,79,34.4,16.2,2.8,9.0,0.8,1.5,1.8,Jarrett Allen,68,32.6,14.3,1.7,9.8,0.8,1.2,1.4,Caris LeVert,74,30.2,12.1,3.9,3.8,1.0,0.3,1.6
Dallas Mavericks,2022-23,38,Kyrie Irving,60,37.3,27.1,5.5,5.1,1.1,0.8,2.1,Luka Dončić,66,36.2,32.4,8.0,8.6,1.4,0.5,3.6,Reggie Bullock Jr.,78,30.3,7.2,1.4,3.6,0.7,0.2,0.5,Tim Hardaway Jr.,71,30.3,14.4,1.8,3.5,0.7,0.2,0.8,Christian Wood,67,25.9,16.6,1.8,7.3,0.4,1.1,1.8
Denver Nuggets,2022-23,53,Nikola Jokić,69,33.7,24.5,9.8,11.8,1.3,0.7,3.6,Jamal Murray,65,32.8,20.0,6.2,4.0,1.0,0.2,2.2,Kentavious Caldwell-Pope,76,31.3,10.8,2.4,2.7,1.5,0.5,1.1,Aaron Gordon,68,30.2,16.3,3.0,6.6,0.8,0.8,1.4,Michael Porter Jr.,62,29.0,17.4,1.0,5.5,0.6,0.5,1.1
Detroit Pistons,2022-23,17,Cade Cunningham,12,33.3,19.9,6.0,6.2,0.8,0.6,3.3,Bojan Bogdanovic,59,32.1,21.6,2.6,3.8,0.6,0.1,2.3,Jaden Ivey,74,31.1,16.3,5.2,3.9,0.8,0.2,3.2,Isaiah Stewart,50,28.3,11.3,1.4,8.1,0.4,0.7,1.4,Killian Hayes,76,28.3,10.3,6.2,2.9,1.4,0.4,2.3
Golden State Warriors,2022-23,44,Stephen Curry,56,34.7,29.4,6.3,6.1,0.9,0.4,3.2,Klay Thompson,69,33.0,21.9,2.4,4.1,0.7,0.4,1.8,Andrew Wiggins,37,32.2,17.1,2.3,5.0,1.2,0.8,1.3,Draymond Green,73,31.5,8.5,6.8,7.2,1.0,0.8,2.8,Jordan Poole,82,30.0,20.4,4.5,2.7,0.8,0.3,3.1
Houston Rockets,2022-23,22,Kevin Porter Jr.,59,34.3,19.2,5.7,5.3,1.4,0.3,3.2,Jalen Green,76,34.2,22.1,3.7,3.7,0.8,0.2,2.6,Jabari Smith Jr.,79,31.0,12.8,1.3,7.2,0.5,0.9,1.3,Alperen Sengun,75,28.9,14.8,3.9,9.0,0.9,0.9,2.6,KJ Martin,82,28.0,12.7,1.5,5.5,0.5,0.4,1.1
Indiana Pacers,2022-23,35,Tyrese Haliburton,56,33.6,20.7,10.4,3.7,1.6,0.4,2.5,Buddy Hield,80,31.0,16.8,2.8,5.0,1.2,0.3,1.7,Myles Turner,62,29.4,18.0,1.4,7.5,0.6,2.3,1.7,Bennedict Mathurin,78,28.5,16.7,1.5,4.1,0.6,0.2,1.9,Andrew Nembhard,75,27.6,9.5,4.5,2.7,0.9,0.2,1.7
LA Clippers,2022-23,44,Paul George,56,34.6,23.8,5.1,6.1,1.5,0.4,3.1,Kawhi Leonard,52,33.6,23.8,3.9,6.5,1.4,0.5,1.7,Russell Westbrook,73,29.1,15.9,7.5,5.8,1.0,0.5,3.5,Eric Gordon,69,28.5,12.4,2.7,1.9,0.6,0.4,1.5,Ivica Zubac,76,28.5,10.8,1.0,9.9,0.4,1.3,1.5
Los Angeles Lakers,2022-23,43,LeBron James,55,35.5,28.9,6.8,8.3,0.9,0.6,3.2,Anthony Davis,56,34.0,25.9,2.6,12.5,1.1,2.0,2.2,D'Angelo Russell,71,32.5,17.8,6.2,3.0,1.0,0.4,2.6,Dennis Schröder,66,30.1,12.6,4.5,2.5,0.8,0.2,1.7,Austin Reaves,64,28.8,13.0,3.4,3.0,0.5,0.3,1.5
Memphis Grizzlies,2022-23,51,Jacob Gilyard,1,40.8,3.0,7.0,4.0,3.0,0.0,2.0,Ja Morant,61,31.9,26.2,8.1,5.9,1.1,0.3,3.4,Desmond Bane,58,31.7,21.5,4.4,5.0,1.0,0.4,2.2,Dillon Brooks,73,30.3,14.3,2.6,3.3,0.9,0.2,1.4,Jaren Jackson Jr.,63,28.4,18.6,1.0,6.8,1.0,3.0,1.7
Miami Heat,2022-23,44,Tyler Herro,67,34.9,20.1,4.2,5.4,0.8,0.2,2.4,Bam Adebayo,75,34.6,20.4,3.2,9.2,1.2,0.8,2.5,Jimmy Butler III,64,33.4,22.9,5.3,5.9,1.8,0.3,1.6,Kyle Lowry,55,31.2,11.2,5.1,4.1,1.0,0.4,1.9,Caleb Martin,71,29.3,9.6,1.6,4.8,1.0,0.4,1.1
Milwaukee Bucks,2022-23,58,Jrue Holiday,67,32.6,19.3,7.4,5.1,1.2,0.4,2.9,Giannis Antetokounmpo,63,32.1,31.1,5.7,11.8,0.8,0.8,3.9,Brook Lopez,78,30.4,15.9,1.3,6.7,0.5,2.5,1.4,Grayson Allen,72,27.4,10.4,2.3,3.3,0.9,0.2,1.0,Bobby Portis,70,26.0,14.1,1.5,9.6,0.4,0.2,1.2
Minnesota Timberwolves,2022-23,42,Anthony Edwards,79,36.0,24.6,4.4,5.8,1.6,0.7,3.3,Karl-Anthony Towns,29,33.0,20.8,4.8,8.1,0.7,0.6,3.0,Rudy Gobert,70,30.7,13.4,1.2,11.6,0.8,1.4,1.7,Jaden McDaniels,79,30.6,12.1,1.9,3.9,0.9,1.0,1.4,Mike Conley,67,30.3,11.9,6.7,2.7,1.1,0.2,1.5
New Orleans Pelicans,2022-23,42,CJ McCollum,75,35.3,20.9,5.7,4.4,0.9,0.5,2.4,Brandon Ingram,45,34.2,24.7,5.8,5.5,0.7,0.4,3.3,Zion Williamson,29,33.0,26.0,4.6,7.0,1.1,0.6,3.4,Trey Murphy III,79,31.0,14.5,1.4,3.6,1.1,0.5,0.8,Herbert Jones,66,29.6,9.8,2.5,4.1,1.6,0.6,1.3
New York Knicks,2022-23,47,Julius Randle,77,35.5,25.1,4.1,10.0,0.6,0.3,2.8,Jalen Brunson,68,35.0,24.0,6.2,3.5,0.9,0.2,2.1,RJ Barrett,73,33.9,19.6,2.8,5.0,0.4,0.2,2.2,Josh Hart,76,32.3,9.8,3.8,7.8,1.2,0.3,1.5,Quentin Grimes,71,29.9,11.3,2.1,3.2,0.7,0.4,1.0
Oklahoma City Thunder,2022-23,40,Shai Gilgeous-Alexander,68,35.5,31.4,5.5,4.8,1.6,1.0,2.8,Josh Giddey,76,31.1,16.6,6.2,7.9,0.8,0.4,2.8,Luguentz Dort,74,30.7,13.7,2.1,4.6,1.0,0.3,1.2,Jalen Williams,75,30.3,14.1,3.3,4.5,1.4,0.5,1.6,Kenrich Williams,53,22.8,8.0,2.0,4.9,0.8,0.3,0.6
Orlando Magic,2022-23,34,Paolo Banchero,72,33.7,20.0,3.7,6.9,0.8,0.5,2.8,Franz Wagner,80,32.6,18.6,3.5,4.1,1.0,0.2,2.1,Wendell Carter Jr.,57,29.6,15.2,2.3,8.7,0.5,0.6,1.9,Markelle Fultz,60,29.6,14.0,5.7,3.9,1.5,0.4,2.3,Cole Anthony,60,25.9,13.0,3.9,4.8,0.6,0.5,1.5
Philadelphia 76ers,2022-23,54,James Harden,58,36.8,21.0,10.7,6.1,1.2,0.5,3.4,Joel Embiid,66,34.6,33.1,4.2,10.2,1.0,1.7,3.4,Tyrese Maxey,60,33.6,20.3,3.5,2.9,0.8,0.1,1.3,Tobias Harris,74,32.9,14.7,2.5,5.7,0.9,0.5,1.2,Louis King,1,28.8,20.0,2.0,4.0,1.0,0.0,2.0
Phoenix Suns,2022-23,45,Kevin Durant,47,35.6,29.1,5.0,6.7,0.7,1.4,3.3,Devin Booker,53,34.6,27.8,5.5,4.5,1.0,0.3,2.7,Chris Paul,59,32.0,13.9,8.9,4.3,1.5,0.4,1.9,Deandre Ayton,67,30.4,18.0,1.7,10.0,0.6,0.8,1.8,Torrey Craig,79,24.7,7.4,1.5,5.4,0.6,0.8,0.9
Portland Trail Blazers,2022-23,33,Damian Lillard,58,36.3,32.2,7.3,4.8,0.9,0.3,3.3,Jerami Grant,63,35.6,20.5,2.4,4.5,0.8,0.8,1.8,Anfernee Simons,62,35.0,21.1,4.1,2.6,0.7,0.2,2.1,Skylar Mays,6,31.5,15.3,8.3,3.2,1.0,0.2,1.7,Jusuf Nurkić,52,26.8,13.3,2.9,9.1,0.8,0.8,2.3
Sacramento Kings,2022-23,48,Domantas Sabonis,79,34.6,19.1,7.3,12.3,0.8,0.5,2.9,De'Aaron Fox,73,33.4,25.0,6.1,4.2,1.1,0.3,2.5,Harrison Barnes,82,32.5,15.0,1.6,4.5,0.7,0.1,1.0,Keegan Murray,80,29.8,12.2,1.2,4.6,0.8,0.5,0.8,Kevin Huerter,75,29.4,15.2,2.9,3.3,1.1,0.3,1.3
San Antonio Spurs,2022-23,22,Keldon Johnson,63,32.8,22.0,2.9,5.0,0.7,0.2,2.1,Devin Vassell,38,31.0,18.5,3.6,3.9,1.1,0.4,1.5,Tre Jones,68,29.2,12.9,6.6,3.6,1.3,0.1,1.6,Jeremy Sochan,56,26.0,11.0,2.5,5.3,0.8,0.4,1.7,Malaki Branham,66,23.5,10.2,1.9,2.7,0.5,0.1,1.2
Toronto Raptors,2022-23,41,Pascal Siakam,71,37.4,24.2,5.8,7.8,0.9,0.5,2.4,Fred VanVleet,69,36.7,19.3,7.2,4.1,1.8,0.6,2.0,OG Anunoby,67,35.6,16.8,2.0,5.0,1.9,0.7,2.0,Scottie Barnes,77,34.8,15.3,4.8,6.6,1.1,0.8,2.0,Gary Trent Jr.,66,32.1,17.4,1.6,2.6,1.6,0.2,0.8
Utah Jazz,2022-23,37,Lauri Markkanen,66,34.4,25.6,1.9,8.6,0.6,0.6,1.9,Jordan Clarkson,61,32.6,20.8,4.4,4.0,0.5,0.2,3.0,Kelly Olynyk,68,28.6,12.5,3.7,6.2,0.9,0.5,2.5,Kris Dunn,22,25.8,13.2,5.6,4.5,1.1,0.5,1.6,Collin Sexton,48,23.9,14.3,2.9,2.2,0.6,0.1,1.8
Washington Wizards,2022-23,35,Kyle Kuzma,64,35.0,21.2,3.7,7.2,0.6,0.5,3.0,Bradley Beal,50,33.5,23.2,5.4,3.9,0.9,0.7,2.9,Kristaps Porziņģis,65,32.6,23.2,2.7,8.4,0.9,1.5,2.1,Corey Kispert,74,28.3,11.1,1.2,2.8,0.4,0.1,0.7,Monté Morris,62,27.4,10.3,5.3,3.4,0.7,0.2,1.0
Atlanta Hawks,2023-24,36,Trae Young,54,36.0,25.7,10.8,2.8,1.3,0.2,4.4,Dejounte Murray,78,35.7,22.5,6.4,5.3,1.4,0.3,2.6,Jalen Johnson,56,33.7,16.0,3.6,8.7,1.2,0.8,1.8,Saddiq Bey,63,32.7,13.7,1.5,6.5,0.8,0.2,0.9,Bogdan Bogdanović,79,30.4,16.9,3.1,3.4,1.2,0.3,1.4
Boston Celtics,2023-24,64,Jayson Tatum,74,35.7,26.9,4.9,8.1,1.0,0.6,2.5,Jaylen Brown,70,33.5,23.0,3.6,5.5,1.2,0.5,2.4,Jrue Holiday,69,32.8,12.5,4.8,5.4,0.9,0.8,1.8,Derrick White,73,32.6,15.2,5.2,4.2,1.0,1.2,1.5,Kristaps Porziņģis,57,29.6,20.1,2.0,7.2,0.7,1.9,1.6
Brooklyn Nets,2023-24,32,Mikal Bridges,82,34.8,19.6,3.6,4.5,1.0,0.4,2.0,Cam Thomas,66,31.4,22.5,2.9,3.2,0.7,0.2,1.9,Dennis Schröder,80,31.1,14.0,6.1,3.0,0.8,0.2,1.9,Nic Claxton,71,29.8,11.8,2.1,9.9,0.6,2.1,1.3,Dorian Finney-Smith,68,28.4,8.5,1.6,4.7,0.8,0.6,0.9
Charlotte Hornets,2023-24,21,Miles Bridges,69,37.4,21.0,3.3,7.3,0.9,0.5,2.0,LaMelo Ball,22,32.3,23.9,8.0,5.1,1.8,0.2,3.8,Brandon Miller,74,32.2,17.3,2.4,4.3,0.9,0.6,1.8,Grant Williams,76,28.0,10.3,2.3,4.2,0.6,0.5,1.4,Cody Martin,28,26.9,7.5,3.7,3.9,1.1,0.6,1.6
Chicago Bulls,2023-24,39,DeMar DeRozan,79,37.8,24.0,5.3,4.3,1.1,0.6,1.7,Coby White,79,36.5,19.1,5.1,4.5,0.7,0.2,2.1,Zach LaVine,25,34.9,19.5,3.9,5.2,0.8,0.3,2.1,Nikola Vučević,76,34.3,18.0,3.3,10.5,0.7,0.8,1.6,Ayo Dosunmu,76,29.1,12.2,3.2,2.8,0.9,0.5,1.4
Cleveland Cavaliers,2023-24,48,Donovan Mitchell,55,35.3,26.6,6.1,5.1,1.8,0.5,2.8,Darius Garland,57,33.3,18.0,6.5,2.7,1.3,0.1,3.1,Max Strus,70,32.0,12.2,4.0,4.8,0.9,0.4,1.6,Jarrett Allen,77,31.7,16.5,2.7,10.5,0.7,1.1,1.6,Evan Mobley,50,30.6,15.7,3.2,9.4,0.9,1.4,1.8
Dallas Mavericks,2023-24,50,Luka Dončić,70,37.5,33.9,9.8,9.2,1.4,0.5,4.0,Kyrie Irving,58,35.0,25.6,5.2,5.0,1.3,0.5,1.8,P.J. Washington,73,30.4,12.9,1.9,5.6,1.0,0.8,1.3,Tim Hardaway Jr.,79,26.8,14.4,1.8,3.2,0.5,0.1,0.9,Josh Green,57,26.4,8.2,2.3,3.2,0.8,0.2,1.1
Denver Nuggets,2023-24,57,Nikola Jokić,79,34.6,26.4,9.0,12.4,1.4,0.9,3.0,Michael Porter Jr.,81,31.7,16.7,1.5,7.0,0.5,0.7,1.1,Kentavious Caldwell-Pope,76,31.6,10.1,2.4,2.4,1.3,0.6,1.0,Aaron Gordon,73,31.5,13.9,3.5,6.5,0.8,0.6,1.4,Jamal Murray,59,31.5,21.2,6.5,4.1,1.0,0.7,2.1
Detroit Pistons,2023-24,14,Cade Cunningham,62,33.5,22.7,7.5,4.3,0.9,0.4,3.4,Isaiah Stewart,46,30.9,10.9,1.6,6.6,0.4,0.8,1.4,Jalen Duren,61,29.1,13.8,2.4,11.6,0.5,0.8,2.1,Jaden Ivey,77,28.8,15.4,3.8,3.4,0.7,0.5,2.5,Ausar Thompson,63,25.1,8.8,1.9,6.4,1.1,0.9,1.3
Golden State Warriors,2023-24,46,Stephen Curry,74,32.7,26.4,5.1,4.5,0.7,0.4,2.8,Klay Thompson,77,29.7,17.9,2.3,3.3,0.6,0.5,1.5,Draymond Green,55,27.1,8.6,6.0,7.2,1.0,0.9,2.5,Andrew Wiggins,71,27.0,13.2,1.7,4.5,0.6,0.6,1.2,Brandin Podziemski,74,26.6,9.2,3.7,5.8,0.8,0.2,1.2
Houston Rockets,2023-24,41,Fred VanVleet,73,36.8,17.4,8.1,3.8,1.4,0.8,1.7,Alperen Sengun,63,32.5,21.1,5.0,9.3,1.2,0.7,2.6,Jabari Smith Jr.,76,31.9,13.7,1.6,8.1,0.7,0.8,1.2,Jalen Green,82,31.7,19.6,3.5,5.2,0.8,0.3,2.3,Dillon Brooks,72,30.9,12.7,1.7,3.4,0.9,0.1,1.2
Indiana Pacers,2023-24,47,Pascal Siakam,80,33.2,21.7,4.3,7.1,0.8,0.3,1.8,Tyrese Haliburton,69,32.2,20.1,10.9,3.9,1.2,0.7,2.3,Aaron Nesmith,72,27.7,12.2,1.5,3.8,0.9,0.7,0.9,Myles Turner,77,27.0,17.1,1.3,6.9,0.5,1.9,1.4,Bennedict Mathurin,59,26.1,14.5,2.0,4.0,0.6,0.2,1.6
LA Clippers,2023-24,51,James Harden,72,34.3,16.6,8.5,5.1,1.1,0.8,2.6,Kawhi Leonard,68,34.3,23.7,3.6,6.1,1.6,0.9,1.8,Paul George,74,33.8,22.6,3.5,5.2,1.5,0.5,2.1,Ivica Zubac,68,26.4,11.7,1.4,9.2,0.3,1.2,1.2,Norman Powell,76,26.2,13.9,1.1,2.6,0.6,0.3,0.9
Los Angeles Lakers,2023-24,47,Anthony Davis,76,35.5,24.7,3.5,12.6,1.2,2.3,2.1,LeBron James,71,35.3,25.7,8.3,7.3,1.3,0.5,3.5,D'Angelo Russell,76,32.7,18.0,6.3,3.1,0.9,0.5,2.1,Austin Reaves,82,32.1,15.9,5.5,4.3,0.8,0.3,2.1,Spencer Dinwiddie,76,28.3,10.5,4.7,2.7,0.7,0.3,1.2
Memphis Grizzlies,2023-24,27,Ja Morant,9,35.3,25.1,8.1,5.6,0.8,0.6,3.0,Desmond Bane,42,34.4,23.7,5.5,4.4,1.0,0.5,2.7,Jaren Jackson Jr.,66,32.2,22.5,2.3,5.5,1.2,1.6,2.4,Marcus Smart,20,30.2,14.5,4.3,2.7,2.1,0.3,3.1,Vince Williams Jr.,52,27.6,10.0,3.4,5.6,0.9,0.7,1.8
Miami Heat,2023-24,46,Jimmy Butler III,60,34.0,20.8,5.0,5.3,1.3,0.3,1.7,Bam Adebayo,71,34.0,19.3,3.9,10.4,1.1,0.9,2.3,Tyler Herro,42,33.5,20.8,4.5,5.3,0.7,0.1,2.2,Terry Rozier,61,33.4,19.8,5.6,4.0,1.0,0.3,1.7,Jaime Jaquez Jr.,75,28.2,11.9,2.6,3.8,1.0,0.3,1.5
Milwaukee Bucks,2023-24,49,Damian Lillard,73,35.3,24.3,7.0,4.4,1.0,0.2,2.6,Giannis Antetokounmpo,73,35.2,30.4,6.5,11.5,1.2,1.1,3.4,Brook Lopez,79,30.5,12.5,1.6,5.2,0.5,2.4,1.0,Malik Beasley,79,29.6,11.3,1.4,3.7,0.7,0.1,0.7,Khris Middleton,55,27.0,15.1,5.3,4.7,0.9,0.3,2.3
Minnesota Timberwolves,2023-24,56,Anthony Edwards,79,35.1,25.9,5.1,5.4,1.3,0.5,3.1,Rudy Gobert,76,34.1,14.0,1.3,12.9,0.7,2.1,1.6,Karl-Anthony Towns,62,32.7,21.8,3.0,8.3,0.7,0.7,2.9,Jaden McDaniels,72,29.2,10.5,1.4,3.1,0.9,0.6,1.2,Mike Conley,76,28.9,11.4,5.9,2.9,1.2,0.2,1.3
New Orleans Pelicans,2023-24,49,Brandon Ingram,64,32.9,20.8,5.7,5.1,0.8,0.6,2.5,CJ McCollum,66,32.7,20.0,4.6,4.3,0.9,0.6,1.7,Zion Williamson,70,31.5,22.9,5.0,5.8,1.1,0.7,2.8,Herbert Jones,76,30.5,11.0,2.6,3.6,1.4,0.8,1.2,Trey Murphy III,57,29.7,14.8,2.2,4.9,0.9,0.5,0.6
New York Knicks,2023-24,50,Julius Randle,46,35.4,24.0,5.0,9.2,0.5,0.3,3.5,Jalen Brunson,77,35.4,28.7,6.7,3.6,0.9,0.2,2.4,OG Anunoby,50,34.0,14.7,2.1,4.2,1.4,0.7,1.6,Josh Hart,81,33.4,9.4,4.1,8.3,0.9,0.3,1.5,Donte DiVincenzo,81,29.1,15.5,2.7,3.7,1.3,0.4,1.4
Oklahoma City Thunder,2023-24,57,Shai Gilgeous-Alexander,75,34.0,30.1,6.2,5.5,2.0,0.9,2.2,Jalen Williams,71,31.3,19.1,4.5,4.0,1.1,0.6,1.7,Chet Holmgren,82,29.4,16.5,2.4,7.9,0.6,2.3,1.6,Luguentz Dort,79,28.4,10.9,1.4,3.6,0.9,0.6,0.9,Josh Giddey,80,25.1,12.3,4.8,6.4,0.7,0.6,2.1
Orlando Magic,2023-24,47,Paolo Banchero,80,35.0,22.6,5.4,6.9,0.9,0.6,3.1,Franz Wagner,72,32.5,19.7,3.7,5.3,1.1,0.4,1.9,Jalen Suggs,75,27.0,12.6,2.7,3.1,1.4,0.6,1.8,Wendell Carter Jr.,55,25.6,11.0,1.7,6.9,0.6,0.5,1.2,Gary Harris,54,24.0,6.9,1.6,1.7,0.9,0.3,0.6
Philadelphia 76ers,2023-24,47,Tyrese Maxey,70,37.5,25.9,6.2,3.7,1.0,0.5,1.7,Tobias Harris,70,33.8,17.2,3.1,6.5,1.0,0.7,1.3,Joel Embiid,39,33.6,34.7,5.6,11.0,1.2,1.7,3.8,Kelly Oubre Jr.,68,30.2,15.4,1.5,5.0,1.1,0.7,1.3,Kyle Lowry,60,28.2,8.1,4.2,3.2,1.0,0.4,1.4
Phoenix Suns,2023-24,49,Kevin Durant,75,37.2,27.1,5.0,6.6,0.9,1.2,3.3,Devin Booker,68,36.0,27.1,6.9,4.5,0.9,0.4,2.6,Grayson Allen,75,33.5,13.5,3.0,3.9,0.9,0.6,1.3,Bradley Beal,53,33.3,18.2,5.0,4.4,1.0,0.5,2.5,Eric Gordon,68,27.8,11.0,2.0,1.8,1.0,0.4,1.1
Portland Trail Blazers,2023-24,21,Anfernee Simons,46,34.4,22.6,5.5,3.6,0.5,0.1,2.7,Jerami Grant,54,33.9,21.0,2.8,3.5,0.8,0.6,2.1,Shaedon Sharpe,32,33.1,15.9,2.9,5.0,0.9,0.4,2.3,Deandre Ayton,55,32.4,16.7,1.6,11.1,1.0,0.8,1.8,Malcolm Brogdon,39,28.7,15.7,5.5,3.8,0.7,0.2,1.5
Sacramento Kings,2023-24,46,De'Aaron Fox,74,35.9,26.6,5.6,4.6,2.0,0.4,2.6,Domantas Sabonis,82,35.7,19.4,8.2,13.7,0.9,0.6,3.3,Keegan Murray,77,33.6,15.2,1.7,5.5,1.0,0.8,0.8,Harrison Barnes,82,29.0,12.2,1.2,3.0,0.7,0.1,0.7,Malik Monk,72,26.0,15.4,5.1,2.9,0.6,0.5,2.1
San Antonio Spurs,2023-24,22,Devin Vassell,68,33.1,19.5,4.1,3.8,1.1,0.3,1.6,Victor Wembanyama,71,29.7,21.4,3.9,10.6,1.2,3.6,3.7,Jeremy Sochan,74,29.6,11.6,3.4,6.4,0.8,0.5,1.9,Keldon Johnson,69,29.5,15.7,2.8,5.5,0.7,0.3,1.4,Tre Jones,77,27.8,10.0,6.2,3.8,1.0,0.1,1.5
Toronto Raptors,2023-24,25,Scottie Barnes,60,34.9,19.9,6.1,8.2,1.3,1.5,2.8,RJ Barrett,58,31.7,20.2,3.3,5.4,0.5,0.4,2.2,Immanuel Quickley,68,29.2,17.0,4.9,3.8,0.7,0.1,1.5,Gary Trent Jr.,71,28.1,13.7,1.7,2.6,1.1,0.1,0.7,Bruce Brown,67,27.8,10.8,2.9,4.2,0.9,0.3,1.3
Utah Jazz,2023-24,31,Lauri Markkanen,55,33.1,23.2,2.0,8.2,0.9,0.5,1.4,Jordan Clarkson,55,30.6,17.1,5.0,3.4,0.6,0.1,2.7,John Collins,68,28.0,15.1,1.1,8.5,0.6,0.9,1.4,Keyonte George,75,27.0,13.0,4.4,2.8,0.5,0.1,2.5,Collin Sexton,78,26.6,18.7,4.9,2.6,0.8,0.2,2.1
Washington Wizards,2023-24,15,Kyle Kuzma,70,32.6,22.2,4.2,6.6,0.5,0.7,2.7,Deni Avdija,75,30.1,14.7,3.8,7.2,0.8,0.5,2.1,Jordan Poole,78,30.1,17.4,4.4,2.7,1.1,0.3,2.4,Tyus Jones,66,29.3,12.0,7.3,2.7,1.1,0.3,1.0,Bilal Coulibaly,63,27.2,8.4,1.7,4.1,0.9,0.8,1.4
